master_metadata_album_artist_name,genres
DNCE,
Jonas Brothers,
Shakira,latin pop
Bruce Adler,
Kacey Musgraves,
Kristen Bell,
Nathan Lane,
Ariana Grande,pop
Phil Harris,
Sia,"egyptian pop, arabic rap, egyptian hip hop"
James Vincent McMorrow,
Adele,"dangdut, sholawat"
ADHD,
Landon Austin,acoustic pop
Mark Ronson,
Kidz Bop Kids,children's music
Bruno Mars,
One Direction,
Demi Lovato,
OneRepublic,soft pop
U2,"opera, mizrahi"
Pharrell Williams,
Zara Larsson,
Era Istrefi,
Jonas Blue,tropical house
Daya,
Bebe Rexha,
Big Gigantic,
Hailee Steinfeld,
Maroon 5,pop
Mountain Faith,"bluegrass, southern gospel, newgrass"
MKTO,
August Alsina,r&b
Mudvayne,"nu metal, alternative metal, rap metal, metal"
Leslie Odom Jr.,musicals
Frank Scratch,
Panic! At The Disco,emo
G-Eazy,
Rihanna,
Shawn Mendes,
Lin-Manuel Miranda,musicals
Original Broadway Cast of Hamilton,musicals
John De Sohn,
Billy Joel,soft rock
Carl Douglas,
Queen,"classic rock, rock, glam rock"
Alex Brightman,musicals
Bryce Pinkham,musicals
Kanye West,rap
Skepta,grime
Chastity Belt,indie punk
Black Veil Brides,"emo, screamo"
Eminem,"rap, hip hop"
Jonathan Groff,musicals
Flo Rida,
Katy Perry,pop
Natasha Blume,
Various Artists,
MUNA,
Electro-Light,
Arcade Fire,"indie rock, baroque pop"
The Secret Sisters,americana
Neko Case,"alt country, americana"
Taylor Swift,
James Newton Howard,soundtrack
Birdy,
Cinescore,
Ben Schuller,
Lukas Graham,
Christina Grimmie,
Blake Shelton,country
Jordan Smith,christmas
Jasmine Thompson,
John Legend,"soft pop, neo soul"
Rachel Platten,
Gary Jules,
Michael Giacchino,soundtrack
Emily Ann Roberts,traditional country
DJ Khaled,
Bob,
The Weeknd,
Carrie Underwood,country
The Calling,pop rock
The Lumineers,"folk pop, indie folk"
American Authors,
Drake,"rap, hip hop"
Fifth Harmony,
Green Day,"punk, pop punk"
Dj Samih,
The Paper Kites,indie folk
Grover Cleveland,spoken word
Skrillex,"dubstep, edm, electro, electronic"
3LAU,edm
Chris Isaak,
R.E.M.,"jangle pop, alternative rock, rock"
Donny Osmond,
ZAYN,
Justin Timberlake,
A Great Big World,
The Score,
Jason Derulo,
Tauren Wells,"christian, worship, christian pop, pop worship, ccm"
Nick Jonas,
Ed Sheeran,soft pop
Imagine Dragons,
Alicia Keys,"r&b, neo soul"
Dolly Parton,country
Justin Bieber,
Wiz Khalifa,rap
Charlie Puth,"soft pop, pop"
Maty Noyes,
WALK THE MOON,
Twenty One Pilots,
SAYGRACE,
Creedence Clearwater Revival,"classic rock, southern rock, country rock"
War,"egyptian pop, arabic rap, egyptian hip hop"
Action Bronson,east coast hip hop
Grimes,art pop
Lil Wayne,"rap, hip hop"
Trevor Jones,soundtrack
Randy Edelman,
Clannad,"celtic, new age, celtic rock"
Something in the Night,
Jeremy Kay,surf rock
DJ Jason Blake,
Steven Curtis Chapman,"ccm, christian, pop worship, christian pop, christian rock"
Ella Eyre,
Pentatonix,christmas
Blake Neely,soundtrack
Kevin Gates,
Renée Elise Goldsberry,musicals
Thayne Jasperson,musicals
Phillipa Soo,musicals
Okieriete Onaodowan,musicals
Christopher Jackson,musicals
Daveed Diggs,musicals
Jasmine Cephas-Jones,musicals
Ariana DeBose,musicals
Meghan Trainor,
Coldplay,
Lady Gaga,"art pop, pop"
Josh Gad,musicals
Sean Paul,dancehall
Noah Cyrus,
Calvin Harris,edm
Jay Prince,
Houndmouth,
MiC LOWRY,
fun.,"opera, mizrahi"
Bastille,
Ellie Goulding,
Passion Pit,indie
Foster The People,
Robin Thicke,
T.J. Miller,alt country
Jim Gaffigan,comedy
Ashanti,r&b
Wolfgang Amadeus Mozart,"classical, requiem, opera, classical piano, chamber music"
The Script,
The Wanted,
Cole Swindell,"country, acoustic country"
Brett Eldredge,"country, christmas"
Alien Ant Farm,"nu metal, alternative metal"
Glee Cast,christmas
The Chainsmokers,
gnash,
The Roots,"east coast hip hop, jazz rap, hip hop"
Nas,
USHER,r&b
Regina Spektor,
HYTYD,
Dwayne Johnson,
Moana Karaoke,
Auli'i Cravalho,
DJ Snake,
Raphael Saadiq,"neo soul, soul, retro soul"
Adrian Younge,
Fuel,post-grunge
TV Themes,
The Tokens,doo-wop
Michael Jackson,
Major Lazer,moombahton
Brian Tyler,soundtrack
Lorne Balfe,soundtrack
Sean Dagher,"sea shanties, pirate metal"
Starley,
Teamheadkick,nerdcore
Taylor Davis,
Jesper Kyd,soundtrack
Dessa,classical
Post Malone,
Crimson Bile,"horrorcore, rap metal"
Franklin James,
Niall Horan,
Fort Minor,rap rock
Cameron Dallas,
KYLE,"new york drill, drill, jersey club, brooklyn drill, sexy drill"
Alessia Cara,
Future,rap
Clean Bandit,
Joep Beving,neoclassical
Timmy Trumpet,"melbourne bounce, big room"
Korn,
Lana Del Rey,
Molly Sandén,
Chloe x Halle,r&b
Austin Moon,
Nick Kroll,"children's music, comedy"
Scarlett Johansson,
Sam Smith,soft pop
Jennifer Hudson,
Tori Kelly,
Twenty One Two,
Us The Duo,folk pop
Taron Egerton,
Carly Rae Jepsen,
Thomas Bergersen,orchestra
Avicii,edm
Jordan Fisher,
RUNAGROUND,
Marvin Gaye,"motown, soul, northern soul, quiet storm"
Sam Feldt,tropical house
Kendrick Lamar,"hip hop, west coast hip hop"
Christopher Drake,soundtrack
Martin Garrix,"edm, electronica, progressive house"
Fall Out Boy,"emo, pop punk, emo pop"
James Arthur,soft pop
OMI,
Austin Basham,indie folk
Isabella Castillo,
Ameritz Indian Karaoke,
Zedd,edm
Matt Nathanson,
AURORA,"norwegian pop, art pop"
Luis Fonsi,latin
Tommy Butler,
Carlton Williams,
Mario,r&b
Stevie Wonder,"motown, soul"
SJUR,tropical house
Shankar-Ehsaan-Loy,"bollywood, sufi, desi, hindi pop"
Jatin-Lalit,"bollywood, hindi pop, desi"
Sandesh Shandilya,"bollywood, desi, hindi pop, sufi"
Nemistade,
Logic,
Lata Mangeshkar,"ghazal, bollywood, bhajan, hindi pop, marathi pop"
Pritam,"bollywood, hindi pop, desi, sufi"
Milton Breech,
Robinson,"edm, electronic"
Hearts & Colors,
Rudy Mancuso,
BAYNK,
Cautious Clay,
Sasha Alex Sloan,
The Walters,
Wallows,indie
The Civil Wars,
Smallpools,
Ingrid Michaelson,
Solange,"alternative r&b, neo soul"
The Cinematic Orchestra,"nu jazz, downtempo"
Frank Ocean,
KALEO,
Mac DeMarco,indie
Declan McKenna,
Leona Lewis,
Airbourne,hard rock
Bob Marley & The Wailers,"reggae, roots reggae"
Jay Rock,
John Lennon,christmas
Joni Mitchell,"folk, singer-songwriter, folk rock"
The Byrds,"folk rock, country rock, psychedelic rock, acid rock"
Yoko Ono,christmas
2 Chainz,"southern hip hop, rap"
Bon Iver,indie folk
Mike WiLL Made-It,
of Montreal,"psychedelic pop, baroque pop, art pop"
Joywave,
P.E.P.E.,"reggae, roots reggae"
MC Hammer,
Shotgun Willy,meme rap
Gwen Stefani,
Kyary Pamyu Pamyu,"j-pop, shibuya-kei"
Lil Pump,
Scarlxrd,"dark trap, rap metal, horrorcore, emo rap, punk rap"
Mr. C,"kannada pop, sandalwood"
Kyle Dixon & Michael Stein,"soundtrack, synthwave"
Lipps Inc.,disco
Wilson Pickett,"motown, soul, northern soul"
The Derek Trucks Band,"modern blues, blues rock, blues, southern rock, roots rock"
Percy Sledge,"motown, soul"
Eric Bibb,"blues, modern blues, country blues, classic blues"
MAMAMOO,k-pop
Steve Aoki,"electro house, edm"
BTS,
5 Seconds of Summer,
BLACKPINK,k-pop
BIGBANG,k-pop
iKON,
WINNER,
EXO,k-pop
GOT7,k-pop
ATEEZ,k-pop
NCT 127,k-pop
CHUNG HA,k-pop
PRETTYMUCH,
Khalid,
Jeet Gannguli,"bangla pop, hindi pop, bollywood"
Palak Muchhal,"bollywood, hindi pop, gujarati garba, desi"
Arijit Singh,"hindi pop, bollywood, desi, bangla pop"
Shreya Ghoshal,"bollywood, hindi pop, kannada pop, desi, marathi pop"
Mohammed Irfan,"hindi pop, bollywood"
TAEYANG,k-pop
Agust D,"k-pop, k-rap"
JENNIE,k-pop
Blackway,
Samuel - Akanksha,bollywood
DEAN,
PRISTIN V,k-pop
Jessi,classical
Dua Lipa,pop
j-hope,"k-pop, k-rap"
Alec Benjamin,
EXO-K,k-pop
TWICE,k-pop
Shayne Orok,"anime, j-pop"
MONSTA X,k-pop
HyunA,k-pop
Ankit Tiwari,"bollywood, hindi pop, desi"
Kris Wu,"chinese hip hop, c-pop, chinese r&b"
NU'EST W,merengue
Camila Cabello,
Weki Meki,k-pop
RM,
ASTRO,
DPR LIVE,k-rap
SUNMI,
JONGHYUN,"k-pop, k-ballad"
VIXX,k-pop
Jawad Ahmad,"bollywood, hindi pop, desi"
Jackson Wang,k-pop
The Rose,"k-rock, k-pop"
Red Velvet,k-pop
JAMIE,
Wanna One,k-pop
Badshah,"bollywood, desi, hindi pop, desi hip hop, desi pop, hindi hip hop"
Ali Gatie,
Neha Kakkar,"bollywood, hindi pop, desi, desi pop, gujarati garba"
Alvee,indie dance
LAY,
Rahat Fateh Ali Khan,"sufi, qawwali, bollywood, hindi pop, desi, ghazal"
MINO,dance pop
HWASA,k-pop
Loco,
Vishal-Shekhar,"bollywood, desi, hindi pop"
Aastha Gill,"bollywood, hindi pop, desi, desi pop"
Darshan Raval,"gujarati garba, hindi pop, bollywood, gujarati pop, desi pop, desi"
Atif Aslam,"bollywood, hindi pop, desi, sufi, qawwali"
PENTAGON,k-pop
A.R. Rahman,"tamil pop, kollywood, sufi, bollywood, hindi pop, desi, tamil dance"
Daniel Caesar,
Duckwrth,
Stray Kids,k-pop
TOMORROW X TOGETHER,k-pop
EXO-M,
G-DRAGON,"k-pop, k-rap"
ITZY,k-pop
SHINee,k-pop
SEVENTEEN,k-pop
Bhoomi Trivedi,"gujarati garba, gujarati pop, bollywood, desi"
EXID,k-pop
Gajendra Verma,"hindi pop, bollywood"
Lil Nas X,
Dorothy,gothic country
2NE1,k-pop
Sukhwinder Singh,"bollywood, desi, hindi pop"
MOBB,
Sonu Nigam,"kannada pop, bollywood, sandalwood, hindi pop, desi, marathi pop"
ZICO,
Ranveer Singh,"hindi hip hop, desi hip hop, bollywood, desi, hindi pop"
Amit Trivedi,"bollywood, hindi pop, desi, gujarati garba, gujarati pop"
Mohit Chauhan,"bollywood, hindi pop, sufi, desi"
CLC,k-pop
(G)I-DLE,
KARD,
Tony Kakkar,"hindi pop, bollywood, desi, desi pop"
TAEMIN,k-pop
DAY6,"k-rock, k-pop"
Sheikh Mishary Alafasy,
Salim–Sulaiman,"bollywood, sufi, desi, hindi pop, qawwali"
LOONA,k-pop
NCT,
2Pac,"gangster rap, west coast hip hop, g-funk, hip hop"
Trevor Daniel,
Imran Khan,"bhangra, desi, punjabi pop, punjabi hip hop, desi hip hop, desi pop, bollywood"
LeeHi,"k-ballad, k-pop"
Girls' Generation,k-pop
EXO-CBX,k-pop
Jack & Jack,surf rock
BOBBY,r&b
NF,
Joyner Lucas,
Passenger,folk pop
Jus2,k-pop
Fromm,"idm, breakbeat"
SEUNG HEE,k-ballad
MINSEO,k-ballad
Janet Suhh,soundtrack
O.O.O,
Chae Jun Gi,
Choi Jin Woo,
Nam Hye Seung,soundtrack
Jo Eun Jeong,
Heo Seok,
Jeon Jeong Hun,k-rock
Daniel Pemberton,soundtrack
Tyler Bates,soundtrack
Vitamin String Quartet,orchestra
Hans Zimmer,soundtrack
Tina Guo,
Gustavo Santaolalla,soundtrack
David Guetta,"edm, dance"
Jac & Harri,
Kang Seung Yoon,
BIGFLO,"chanson, french pop"
Jessie J,
BAEKHYUN,"k-pop, k-ballad"
Jinyoung,
Wonder Girls,k-pop
NU'EST,"electro corridos, dembow, corrido, corridos bélicos, corridos tumbados"
TAEYONG,k-pop
Guap Kid,
YERI,"reggaeton mexa, electro corridos"
Arden Cho,
The Duck of Mischief,
Z-Boys,"hardcore punk, punk, skate punk, proto-punk"
"R.Tee, Anda",
JEON SOMI,k-pop
Karaoke Masters,
Moisés Nieto,
Amaal Mallik,"bollywood, hindi pop, desi"
Mithoon,"bollywood, hindi pop, desi"
WIN,
GFRIEND,k-pop
NCT DREAM,k-pop
Park Bom,k-pop
Billie Eilish,
Chance the Rapper,
EVERGLOW,k-pop
NIKI,
Joji,
Rich Brian,
Valerie Broussard,
Grizzly,"indie, indie rock, baroque pop"
IU,"opera, mizrahi"
Crush,slowcore
83 Babies,
NIve,"corridos tumbados, sad sierreño, corrido, sierreño, música mexicana"
88rising,
CHANYEOL,k-pop
Tulsi Kumar,"bollywood, hindi pop, desi"
ONEUS,"k-pop, k-rock"
H.I.N.P (Hot Issue of Ntl. Producers),k-pop
VAV,
Jay Park,"hip hop, east coast hip hop, rap"
CHANMINA,"j-pop, j-rap"
blackbear,
Lil Peep,"emo rap, cloud rap"
Barbatula,lounge
Toby Tech,lounge
Crade,lounge
Giants' Nest,lounge
Androm,"phonk, brazilian phonk"
Second Act,lounge
B.I,
Isochronic Tones,
Anna Thompson,
Monday Kiz,"k-ballad, soundtrack"
10CM,"k-ballad, soundtrack"
TAEYEON,"k-pop, k-ballad"
Gummy,
Ha Yea Song,"k-ballad, soundtrack"
Punch,"metal, groove metal, heavy metal, hard rock, rock"
Imad Royal,
BEN,
HEIZE,"k-ballad, k-pop"
하리,
KATIE,
THE BOYZ,k-pop
Big Marvel,
Damiano,
KEY,
Kenshi Yonezu,"j-pop, anime, j-rock"
S.H Project,k-ballad
December Avenue,"opm, pinoy indie, p-pop, harana, pinoy alternative, kundiman, pinoy rock"
Amber Liu,chinese r&b
PARTYNEXTDOOR,r&b
SHAUN,
keshi,
Finding Hope,
UMI,"opera, mizrahi"
Dipha Barus,indonesian indie
Marteen,afro house
MOMOLAND,k-pop
Tiffany Young,
SHINHWA,k-pop
EXO-SC,k-pop
IZ*ONE,k-pop
HYOLYN,"k-pop, k-ballad"
Dreamcatcher,"k-pop, k-rock"
miss A,"anime, j-rock, j-pop"
AILEE,"k-ballad, k-pop"
HENRY,
Axwell /\ Ingrosso,
Eric Nam,k-pop
BOL4,"k-pop, k-ballad"
Naomi Scott,
Higher Brothers,"chinese hip hop, chinese r&b"
Miura Jam,anime
Daoko,"j-pop, anime, j-rock"
Aimer,"anime, j-pop, j-rock"
LiSA,k-pop
CHiCO with HoneyWorks,"anime, j-pop, vocaloid, j-rock"
[Alexandros],"j-rock, j-pop, anime"
majiko,"j-pop, anime, j-rock"
J. Cole,rap
Dreamville,
Takaki Toshio,anime
South Side Symphony,
FD_BeAtZ,
Ikimonogakari,"anime, j-pop, j-rock"
R A Y,"banda, corrido, sierreño, norteño, música mexicana"
ASIAN KUNG-FU GENERATION,"j-rock, anime, j-pop"
coldrain,"j-rock, metalcore, anime"
Mrs. GREEN APPLE,"j-pop, anime, j-rock"
須田景凪,"anime, j-pop, j-rock"
Lenny code fiction,"anime, j-rock"
Cidergirl,"anime, j-pop, j-rock, japanese indie"
Kenichiro Suehiro,"anime, soundtrack"
Cat Trumpet,anime
Zolik,anime
Kyle Landry,
HalcyonMusic,anime
Torby Brand,anime
Berioska,anime
Eddie van der Meer,anime
Kenzie Smith Piano,anime
RMaster,anime
Fonzi M,anime
Linked Horizon,"anime, j-pop"
Yoshiki,anime
Sukima Switch,"j-pop, anime"
BURNOUT SYNDROMES,"anime, j-rock, j-pop"
Huwie Ishizaki,"anime, j-pop"
SPYAIR,"anime, j-rock, j-pop"
PornoGraffitti,"anime, j-pop, j-rock"
amazarashi,"anime, j-rock, j-pop"
UVERworld,"anime, j-rock, j-pop"
BLUE ENCOUNT,"anime, j-rock, j-pop"
Yuki Hayashi,"anime, soundtrack"
SS501,k-pop
Hajin,soundtrack
Milky Chance,
Lil Tecca,"melodic rap, rap"
Juice WRLD,"melodic rap, emo rap"
Rob $tone,
Aseer Arman,bangla pop
Dads in the Park,bangla pop
Anime Project,anime
KANA-BOON,"anime, j-rock, j-pop"
Teqkoi,
XXXTENTACION,emo rap
Jay Sean,
Backstreet Boys,
K'NAAN,
SID,classical
khai dreams,
Joe Inoue,"anime, j-rock"
benny blanco,
Maya Sarkissian,
The Kid LAROI,
Yumi Kimura,anime
Biccurry Akatsuka,anime
MIREI,
Anthony Gonzalez,
Angelica Vale,
Carlos Rivera,latin pop
Miguel,r&b
Gael Garcia Bernal,
Christina Aguilera,
mxmtoon,"bedroom pop, indie pop"
Jonah Love,
FLOW,"reggaeton, trap latino"
小畑貴裕,anime
Shiloh Dynasty,lo-fi
june,"opera, mizrahi"
Powfu,
beabadoobee,bedroom pop
RADWIMPS,"anime, j-pop, j-rock"
YNW Melly,melodic rap
Emily Vu,
Suraj Jagan,"bollywood, hindi pop"
Marshmello,edm
Far East Movement,
"Tyler, The Creator",
Brian the Sun,"anime, j-rock, japanese indie"
24kGoldn,
Surfaces,
Harry Styles,
Lea Salonga,
정유한 Jeongyuhan,
Rainych,"anime, city pop, j-pop"
Japan Daisuki,anime
Akatsuki no Team,anime
Anime your Music,
Marcus Chow,
miwa,"j-pop, anime"
YUI,"anime, j-pop, j-rock"
CHEMISTRY,"drum and bass, liquid funk"
Miho Fukuhara,"anime, j-r&b, j-pop"
L'Arc-en-Ciel,
COOL JOKE,"luk thung, southern thai music, thai pop, phleng phuea chiwit, thai rock, t-pop"
THE ORAL CIGARETTES,"j-rock, anime, j-pop"
Nightmare,"trip hop, downtempo, acid jazz, nu jazz"
Akano,anime
Rex Orange County,bedroom pop
suggi,
Olly Alexander (Years & Years),
TK from Ling tosite sigure,"anime, j-rock, j-pop"
Sezairi,
Luis Ángel Gómez Jaramillo,
ASAD AD,
Asif K,bhangra
AK,cumbia
Ava Max,
Malini,"bhajan, bhojpuri pop, devotional, bhojiwood"
Hridoy Khan,bangla pop
Petty Never Grew,bangla pop
Javed-Mohsin,"bollywood, hindi pop, desi pop"
Yael Naim,
Sliverk,anime
Pluto Koi,
BANNERS,
Idina Menzel,musicals
Indalo,bangla pop
Lyle Kam,
Clairo,bedroom pop
Cuco,bedroom pop
Mura Masa,
SG Lewis,
Ashe,
Melanie Martinez,
Conan Gray,
Idealism,"lo-fi, lo-fi beats"
Qumu,
MC Virgins,"meme rap, anime, anime rap"
白噪音睡眠,
Svendsen,"organic house, tribal house, downtempo"
Bladverk Band,jazz
The Capital Club Trio,smooth jazz
Snow Patrol,
Eels,
Don McLean,
Rufus Wainwright,"chamber pop, singer-songwriter"
Fazlur Rahman Babu,bangla pop
Jaden,
Lord 9sick,
tobi lou,
Jack Johnson,surf rock
Al Sheikh Saad Al Ghamidi,
Muhammad Thaha,sholawat
Mohammed Al Hisayan,
Omar Hisham,
Nasheeds,
Aaron May,
mike.,hyphy
j'san,
ENRA,
H.1,
Miramare,lo-fi
Blue Wednesday,"lo-fi, lo-fi beats"
Kupla,"lo-fi, lo-fi beats"
dryhope,"lo-fi, lo-fi beats"
Chris Mazuera,"lo-fi, lo-fi beats"
Flughand,"lo-fi, lo-fi beats, jazz beats"
Allem Iversom,"lo-fi, lo-fi beats"
Lee Chan Sol,soundtrack
Gaho,
Ha Hyun Woo,"k-ballad, soundtrack, k-rock"
Sondia,"k-ballad, soundtrack"
V,"gangster rap, west coast hip hop, g-funk, hip hop"
WOOSUNG,"k-rock, k-pop"
Ozomatli,latin alternative
Joseph Williams,
Brad Kane,
Randy Newman,
Julie Andrews,musicals
Sarah McLachlan,
Beyoncé,
Troye Sivan,
Lauv,
Udit Narayan,"bollywood, hindi pop, desi"
Uttam Singh,"bollywood, hindi pop"
Chandrakant Lakshpati,
Mandy Moore,
DCappella,
Julia Michaels,
Dick Van Dyke,
Jodi Benson,
Chorus - Hercules,
Samuel E. Wright,
Will Smith,
Weezer,alternative rock
Cliff Edwards,
Phil Collins,soft rock
Judy Kuhn,
Roger Bart,
Outkast,"southern hip hop, hip hop"
Tobias Dray,
Mario Judah,rage rap
Olivia Rodrigo,
Miki Matsubara,"city pop, j-pop"
AB,
Hugh Jackman,musicals
Nico & Vinz,
Taba Chake,"indian indie, hindi indie"
BROCKHAMPTON,
Sanam,"hindi pop, desi pop, bollywood"
CORPSE,dark trap
Rainlord.,
Ziya,
Airik,
M4YD4Y,
Holborns,jazz
GHIBLI & RELAX,
Japan Ground Self Defense Force Central Band,
Mt. Marcy,"lo-fi, lo-fi beats"
Jordan Maxwell,"lo-fi, lo-fi beats"
97SPECIAL,"lo-fi, lo-fi beats"
"quickly, quickly","lo-fi, lo-fi beats"
Sleepdealer,"lo-fi, lo-fi beats"
Dontcry,"lo-fi, lo-fi beats"
Dweeb,"lo-fi, lo-fi beats"
Peachy!,
Jinsang,"lo-fi, lo-fi beats"
Flavors,"lo-fi, lo-fi beats"
Mitski,
Vacations,
Kaoru Akimoto,city pop
Phum Viphurit,bedroom pop
Anuv Jain,"indian indie, hindi indie, hindi pop"
Abhay Jodhpurkar,"tamil pop, kollywood, bollywood"
Kainbeats,"lo-fi, lo-fi beats"
Aireey,lo-fi
Towerz,"lo-fi, lo-fi beats"
Spencer Hunt,"lo-fi, lo-fi beats"
Cold Glow,lo-fi
Kowkaine,lo-fi
Slowheal,"lo-fi beats, lo-fi"
YOASOBI,"j-pop, anime"
美波,"anime, j-pop, j-rock"
ONE OK ROCK,"j-rock, j-pop, visual kei"
ギヴン,"anime, j-pop"
物語シリーズ,"anime, j-pop"
yama,
7!!,"gangster rap, west coast hip hop, g-funk, hip hop"
Raon,
sumika,"j-pop, anime, j-rock"
King Gnu,"j-pop, anime, j-rock"
Daichi Miura,"j-pop, j-r&b, anime"
VK Blanka,"anime, j-pop, j-rock"
Ottom,
Darsena,lo-fi
Ageturner,lo-fi
Eris Beats,lo-fi
SamuW,"lo-fi beats, jazz beats, lo-fi"
mellow fox,lo-fi
Headphone Activist,"dark ambient, ambient"
noubodii,
Night Tempo,"city pop, vaporwave"
Kingo Hamada,city pop
Junko Ohashi,"city pop, kayokyoku, j-pop"
Anri,
KIRINJI,"city pop, shibuya-kei, japanese indie, j-r&b, j-pop"
S. Kiyotaka & Omega Tribe,"city pop, kayokyoku, j-pop"
Asako Toki,"city pop, japanese indie, j-r&b, shibuya-kei, j-pop, anime"
Yuri Tanaka,"city pop, j-r&b"
Bread And Butter,"city pop, shibuya-kei, j-r&b"
Mariya Takeuchi,"city pop, kayokyoku, j-pop"
Carpenters,"christmas, adult standards"
The Platters,doo-wop
3年E組うた担(渚&茅野&業&磯貝&前原),anime
moumoon,"j-pop, anime"
Shion Miyawaki,anime
Studio Megaane,
Eve,
RINI,
ALI,
PelleK,anime
Nordex,anime
Kumi Koda,"j-pop, j-r&b, anime"
SOLIDEMO,anime
FAKY,"j-pop, anime"
GIRLFRIEND,pop punk
Jubin Nautiyal,"bhajan, hindi pop, bollywood, devotional, desi"
THE CHARM PARK,"japanese indie, anime, j-r&b, j-pop"
KANKAKU PIERO,"anime, j-rock"
BiSH,
Rachel Clinton,
Johnnie Bailey,lo-fi
Elaine,afro soul
MOB CHOIR,"downtempo, trip hop"
Baby Band,lullaby
tacica,"anime, j-rock"
Galileo Galilei,"anime, j-rock, japanese indie, j-pop"
Dima Lancaster,anime
Who-ya Extended,"anime, j-rock"
Cö shu Nie,"anime, j-rock, j-pop"
Yuko Ando,anime
Steve Hansen,anime
Richmond Tang,anime
Deul Guk Hwa,"k-ballad, k-rock"
Di Ma,classic rock
L.Dre,
Sonzai,anime
KUN,"opera, mizrahi"
Shin In Ryu,k-rock
Rad Museum,k-rap
ROSÉ,
Lexie Liu,"c-pop, chinese hip hop, chinese r&b, mandopop"
cinnamons,"anime, j-pop"
Taeko Onuki,"city pop, shibuya-kei, j-pop"
tofubeats,"j-rap, city pop, j-r&b, japanese indie, j-pop"
Beckett,
UNCHAIN,
Macross 82-99,"vaporwave, city pop"
Yurie Kokubu,city pop
Makoto Matsushita,"city pop, jazz fusion, j-r&b"
Dominate,hardcore
Onyanko Club,"kayokyoku, city pop, j-pop"
DEEN,"city pop, kayokyoku, j-pop"
PENOMECO,k-rap
Hoody,k-rap
BIG Naughty,"k-rap, k-ballad"
GIRIBOY,k-rap
offonoff,k-rap
The Neighbourhood,
CODE KUNST,k-rap
biosphere,"lo-fi, lo-fi beats"
Blue.D,
CRUCiAL STAR,k-rap
Woo,
KAI,
AKMU,"k-pop, k-ballad"
Luki,"funk, funk consciente, trap funk, brazilian funk"
Kato,
Lee Juck,k-ballad
Genevieve Stokes,
Pink Sweat$,
Shaan,"bollywood, hindi pop, desi, bangla pop"
Beach Bunny,
NOIA,
Fiersa Besari,"indonesian indie, indonesian pop"
Chris Andrian Yang,
Kat Saul,
HONG JIN YOUNG,k-pop
JANNABI,"k-ballad, k-rock"
"Car, the garden",k-ballad
HYUKOH,k-rock
george,"country, traditional country, honky tonk"
Momokurotei Ichimon,anime
落日飛車 Sunset Rollercoaster,"taiwanese indie, chinese indie, bedroom pop"
Asim Azhar,"desi, sufi"
QUEEN BEE,"anime, j-rock, j-pop"
Sarah Cothran,
The Living Tombstone,
Yumi Matsutoya,"kayokyoku, city pop, j-pop"
Minako Honda,"city pop, kayokyoku, j-pop"
WILLOW,
Odd Signature,bangla pop
BLOO,
Pratyush Roychowdhury,
遠野高志,anime
Dido,
Bit Frequency,
Renge Miyauchi,anime
Flaryx32,
Kaichi Naito,math rock
Zixx,anime
Ron Rocker,anime
Heiakim,
Parth Desai,
Prateek Kuhad,"indian indie, hindi indie"
Theishter,anime
Dynamicduo,"k-rap, k-pop"
ENHYPEN,k-pop
Doja Cat,
Måneskin,
Myun,"opera, mizrahi"
PianoPrinceOfAnime,anime
茅原実里,"anime, j-pop"
Song Ga In,soundtrack
Bo Burnham,comedy
Malia J,
Dr. Dog,
Kali Uchis,
Goose house,"anime, j-pop"
LilyPichu,
Meet Bros.,"bollywood, hindi pop, desi pop, desi"
Don Omar,"reggaeton, urbano latino"
Anirudh Ravichander,"tamil pop, kollywood, tamil dance, tollywood, tamil hip hop, telugu pop"
Yusuf Ekşioğlu,
Himesh Reshammiya,"bollywood, hindi pop, desi"
Tanveer Evan,bangla pop
The Attempted Band,
Weeekly,k-pop
DPR IAN,k-rap
JUNNY,k-rap
Dhruv,
Anika Noni Rose,
Megan Thee Stallion,
Vince Staples,
Giveon,r&b
Brent Faiyaz,r&b
Awkwafina,
Roddy Ricch,melodic rap
kingslowed,
Vicky Singh,lo-fi
Purrple Cat,"lo-fi, lo-fi beats"
Glass Animals,
Hd4president,
Tove Lo,
Scott Bradlee's Postmodern Jukebox,"swing music, electro swing"
Seori,classical
JOY,
CORBAL,
Saweetie,
Mark Tuan,
Anderson .Paak,
AUDREY NUNA,alternative r&b
Joel P West,soundtrack
JJ Lin,"mandopop, c-pop, taiwanese pop"
Seiko Oomori,"anime, j-rock, j-pop"
みゆな,"anime, j-pop, j-rock"
Sickick,
Labrinth,
Ivan Cornejo,"sad sierreño, corridos tumbados, sierreño, corrido, música mexicana"
Fern.,
Monsieur Periné,"colombian pop, latin alternative, latin indie, guaracha"
Gunna,
Cast - Sofia the First,
Ruth B.,
Coyote Theory,
Hayley Kiyoko,
Joshua Bassett,
SZA,"egyptian pop, arabic rap, egyptian hip hop"
Ricky Rich,
Carolina Gaitán,
Jessica Darrow,
Stephanie Beatriz,
Sebastian Yatra,"colombian pop, reggaeton"
Sugey Torres,
Olga Lucía Vives,
Diane Guerrero,
Los Ángeles Azules,"cumbia, cumbia sonidera, salsa"
demxntia,"vietnamese lo-fi, emo rap"
Warren Hue,
HONNE,
Zion.T,"k-rap, k-ballad"
Swae Lee,
21 Savage,
Gareth Coker,soundtrack
Christopher Larkin,soundtrack
R.Hz,bhajan
Trent Reznor and Atticus Ross,soundtrack
Max Richter,"neoclassical, minimalism, classical, ambient"
Kazukii,"chillstep, dark ambient, ambient"
Dabeat,latin hip hop
Mikel,lo-fi
MollSmool,
Cartoon Chillhop,lo-fi
MF DOOM,"experimental hip hop, east coast hip hop, alternative hip hop, jazz rap"
Sumgii,
Besso0,lo-fi
HIGHWAY,country
Vaundy,"j-pop, japanese indie, j-rock"
MARINA,
Lehmber Hussainpuri,"bhangra, desi, bollywood"
Vishal Dadlani,"bollywood, desi, hindi pop, desi pop"
Farhan Akhtar,"bollywood, desi, hindi pop"
Litany,
Fiji Blue,
RAC,
Shae Gill,"desi, hindi pop, indian indie, desi pop, hindi indie"
Anurati Roy,
Namukwaya,
Madilyn Bailey,
Freeluke,
T3NZU,
t3nzunabeat,
Cheriimoya,
Labbayk,sholawat
CircusP,vocaloid
Relaxed Minds,
Sohan Rahman,"bangla pop, lo-fi"
B Praak,"hindi pop, desi pop, bollywood, punjabi pop"
Gautam,"bangla pop, tollywood"
Mohammed Rafi,"ghazal, hindi pop, bollywood"
Kavita Krishnamurthy,"bollywood, gujarati garba, hindi pop, bhajan, desi"
Arbovirus,bangla pop
Dada-G,"japanese indie, vocaloid"
Raafky,bangla pop
Kush,
Arafa-T Kabir,bangla pop
Mr. AbD,
Fahim Rudro,
FRAZE KHAN,bangla pop
IrfuG,bangla pop
Stoic Bliss,"bangla pop, desi hip hop"
Nafeesisboujee,
Farooque Bhai Project,"bangla pop, indian indie"
BIGDBANGLA,"malay rap, bangla pop"
Sr101music,bangla pop
Rumana Yasmin Natasha,bangla pop
Samz Vai,bangla pop
Tahsin Ahmed,bangla pop
Apeiruss,bangla pop
Habib Wahid,bangla pop
Bilal Shahid,"bangla pop, desi pop, desi, bhangra"
Shitom Ahmed,bangla pop
Muza,
Arneeb,"bangla pop, melodic rap"
Rupak Tiary,bangla pop
Jhené Aiko,r&b
Xefer,bangla pop
Nathan Evans,sea shanties
Iman Chakraborty,bangla pop
TIA,traditional music
Playboi Carti,rage rap
Ankita Bhattacharyya,bangla pop
Anna Beatriz,
Pelé,"gospel, african gospel"
João do Pifi,"forro tradicional, forró"
Weathers,
Khaled,
Aloe Blacc X David Correy,
Ricky Martin,"latin pop, latin"
Lil Baby,
Nigo,
Tyga,
The Longest Johns,"sea shanties, pirate metal, folk"
Nicki Minaj,
City Girls,
Big Jade,opera
Latto,
Leikeli47,ballroom vogue
Bella Blaq,
Princess Nokia,
Indila,french pop
Marc Anthony,"salsa, salsa romantica, merengue, bachata, latin"
COIN,
Nish,j-pop
Chirkutt,bangla pop
Bappa Mazumder,bangla pop
Harshdeep Kaur,"bollywood, desi, hindi pop"
NOBITA,"opm, harana, kundiman, p-pop, pinoy indie"
AP Dhillon,"punjabi hip hop, punjabi pop, desi, bhangra, desi hip hop, desi pop"
Kaushik Rai,haryanvi pop
Pav Dharia,"punjabi pop, bhangra, desi, desi pop"
KCFM,lo-fi
Friday Night Plans,"j-r&b, city pop, japanese indie"
Babe,
Suchmos,"city pop, j-pop, japanese indie, j-r&b, j-rock"
Chill City Pop,city pop
KIM A REUM,city pop
Rajat Nagpal,"punjabi pop, hindi pop, bollywood, desi, indian indie"
Devi Sri Prasad,"telugu pop, tollywood, tamil dance, tamil pop, kollywood"
Chamath Sangeeth,desi pop
Mollywood Club,"malayalam pop, malayalam hip hop, mollywood"
HyunA&DAWN,k-pop
Indravathi Chauhan,"tollywood, telugu pop, tamil dance"
Tei Shi,art pop
slenderbodies,
Sjowgren,
Oscar Scheller,
Swaine Delgado,
Vayu,"gujarati garba, bollywood, hindi indie, desi pop, hindi pop, indian indie"
Tanishk Bagchi,"bollywood, hindi pop, desi, desi pop, gujarati garba"
Neeti Mohan,"bollywood, hindi pop, desi"
Shubumm,"indian indie, hindi indie"
Pratsofficial,"indian indie, hindi indie"
Tarsem Jassar,"punjabi pop, punjabi hip hop, bhangra"
Shannon,
AJ Mitchell,
Celina Sharma,
TREASURE,k-pop
Hivi!,"indonesian pop, indonesian indie"
Destiny Rogers,
Mind Combined,
Rizky Febian,"indonesian pop, malay"
Jeremy Zucker,
frad,
Ylona Garcia,"opm, p-pop"
JVKE,
蒋小呢,"chinese r&b, c-pop, mandopop"
Superfruit,
Jack Harlow,
Jim Jones,
Redman,"east coast hip hop, hardcore hip hop, hip hop"
Scorey,melodic rap
Blxst,
SAFE,traditional music
Alex Isley,"neo soul, alternative r&b"
Col3trane,
Normani,
SiR,"hindi hip hop, desi hip hop, punjabi hip hop"
Buddy,
Tinashe,alternative r&b
Jacquees,r&b
Kehlani,
The Ayoub Sisters,
TAPOSH,
Cafe Music BGM channel,"jazz, bossa nova"
Claire Rosinkranz,
MAX,
Dayglow,indie rock
Grady,
Unusual Demont,alternative r&b
M.I.A.,
Ginuwine,r&b
低的,
Pop Smoke,"brooklyn drill, drill, new york drill"
Lil Tjay,"brooklyn drill, melodic rap"
The Wombats,indie
EyeKeem,meme rap
Taio Cruz,
Gym Class Heroes,
hooligan chase,
Sub Urban,
Son Lux,
No Money Enterprise,"aussie drill, drill"
Sarcastic Sounds,lo-fi
Elton John,
Bad Bunny,"reggaeton, trap latino, latin, urbano latino"
Gerri Grainger,"northern soul, philly soul, motown"
Tears For Fears,"new wave, synthpop"
Kate Bush,"art pop, baroque pop, art rock"
Ardhito Pramono,indonesian indie
Tonmoy Krypton,
hooligan.,"aussie drill, drill"
WayV,"k-pop, c-pop"
Caroline Dare,
Wham!,christmas
George Michael,
a-ha,soft rock
Daryl Hall & John Oates,soft rock
Johnny Hates Jazz,"new wave, synthpop"
Scorpions,"hard rock, glam metal, rock"
Glenn Medeiros,
Starship,
Johnny Logan,
Diana Ross,"motown, disco"
The Cure,"new wave, post-punk, darkwave"
Dexys Midnight Runners,
Liam Oliver,space music
Sisu Syndrome,space music
Danyel Hayes,space music
Wren Evans,"v-pop, vietnam indie, vietnamese hip hop, vinahouse"
Chillies,"v-pop, vietnam indie, vietnamese hip hop"
So!YoON!,k-rock
『ユイカ』,j-pop
slchld,
yvngxchris,
Fredo Bang,
Lil Mexico,
Cozz,
redveil,"alternative hip hop, experimental hip hop, underground hip hop"
Chief Keef,drill
Drunk Urameshi,lo-fi
Fatb,big beat
Helal,"sholawat, egyptian pop, mahraganat, egyptian shaabi"
brb.,
MIN,
BVNG,"hindi hip hop, desi hip hop, punjabi hip hop"
Ryan.B,"red dirt, texas country, alt country, americana, country"
Musical Youth,reggae
Wailing Souls,"roots reggae, reggae, rocksteady, dub"
UB40,reggae
Mad Clown,"k-rap, k-ballad"
TAEIL,"k-pop, k-ballad, soundtrack"
Kim Taeri,soundtrack
Jung Bonggil,
Wonstein,k-rap
giseong bae,soundtrack
BIBI,
Thundercat,
The Backseat Lovers,
girl in red,bedroom pop
Stephen Sanchez,
Kajax,
Em Beihold,
THE ANXIETY,
Heretic Klick,horrorcore
ruin2swaggy,
Johnny Orlando,
Ella Mai,r&b
FLO,
Jarlo Bâse,"opm, pinoy indie, harana, kundiman, pinoy r&b"
Nxrtv,
Hoàng Thùy Linh,"v-pop, vinahouse, vietnamese hip hop"
4*TOWN (From Disney and Pixar’s Turning Red),
Lexi Jayde,
Alexander 23,
Clinton Kane,
Benson Boone,
Elley Duhé,
David Kushner,
Madison Beer,
Jaymes Young,
Lauren Spencer Smith,
Paramore,"pop punk, emo, emo pop"
Bruno Major,
Gracie Abrams,
Tesher,
Nusraat Faria,bangla pop
Rishi Panda,bangla pop
Dripto,
JAWNY,bedroom pop
Abdul Muktadir Laskar,
Rixsic,
Hardik Bhardwaj,
Kisswe Music,
Air Supply,soft rock
Bon Jovi,"glam metal, rock"
Felax,
Empire Of The Sun,
Electric Light Orchestra,"symphonic rock, art rock"
Gerry Rafferty,
Ahmed Bukhatir,sholawat
Sarfaraz Naheed,
Emil Mohammed,sholawat
Ishaq Ayubi,sholawat
Muhammad Al Muqit,sholawat
Khāled Siddīq,sholawat
نات وحمد,
Maher Zain,sholawat
Ayisha Abdul Basith,"sholawat, qawwali"
Mesut Kurtis,sholawat
Adhane,
Pet Shop Boys,"synthpop, new wave"
Duran Duran,"new wave, synthpop"
Akhan,
Myriam Fares,khaleeji
AJR,"egyptian pop, arabic rap, egyptian hip hop"
Sunidhi Chauhan,"bollywood, desi, hindi pop"
Metallica,"metal, thrash metal, rock, heavy metal, hard rock"
Ritam Biswas,bangla pop
Maruf Parvez,
Shafqat Amanat Ali,"sufi, bollywood, hindi pop, desi, qawwali"
Arnob,bangla pop
Borno Anonyo,
Mashuq Haque,bangla pop
Tajdar Junaid,"indian indie, hindi indie"
Meghdol,bangla pop
Yasmin Rashid,
Anupam Roy,"bangla pop, hindi indie"
Arnab Maity,
Midas the Jagaban,"afrobeats, afroswing, afrobeat"
Yo Yo Honey Singh,"bollywood, hindi hip hop, desi, hindi pop, punjabi pop, punjabi hip hop, desi pop"
Kanika Kapoor,"bollywood, desi, hindi pop"
Imran Raza,
Fuse ODG,"azonto, afrobeats, hiplife"
Ayradel,opm
Sam MacPherson,
Tahsan,bangla pop
Blue Touch,bangla pop
Hawa,
The Smiths,"new wave, madchester, jangle pop"
Chamok Hasan,bangla pop
The Local Train,"indian indie, hindi indie"
Dameer,"bangla pop, bedroom pop, indian indie"
Duncan Laurence,
Sabrina Claudio,
Blue Jeans,
Rovalio,"indian indie, hindi indie, desi, desi pop"
Chris Brown,r&b
WJSN,k-pop
Denise Julia,pinoy r&b
French Montana,
Warda Ashraf,bangla pop
Jobaer Shawon,
Mohammed Shifayat Hossain,
Shusmita Anis,bangla pop
Ravi,"tamil pop, kollywood, tamil dance, tollywood, tamil hip hop, telugu pop"
Momtaz,bangla pop
Panjabi MC,bhangra
Akon,
The Doorbeen,"desi pop, desi, punjabi pop, bollywood, bhangra"
Benny Dayal,"bollywood, desi, hindi pop"
Sachet Tandon,"bhajan, hindi pop, devotional, bollywood, desi pop, desi"
F1rstman,moombahton
Mickey Singh,"bhangra, desi, desi pop, punjabi pop, punjabi hip hop"
Selena Gomez & The Scene,
Amar Arshi,"bhangra, desi, bollywood"
정유한,
Etta James,"soul, jazz blues, soul blues, blues, vocal jazz"
Callum J Wright,
Rossa,reggaeton
Haley Reinhart,
Nusrat Fateh Ali Khan,"qawwali, ghazal, sufi"
Jasleen Royal,"hindi pop, bollywood, gujarati pop, desi, hindi indie"
Fujii Kaze,j-pop
Fash,
Nova,bossa nova
Dikshant,"indian indie, hindi indie"
Hasan Raheem,"indian indie, hindi indie, desi, desi hip hop, desi pop, hindi hip hop"
neko,"alt country, americana"
Gogon Sakib,bangla pop
Mido and Falasol,"soundtrack, k-ballad"
Metrolife,bangla pop
The Rehman Duo,bangla pop
NAOHA,
Sidd Coutto,
Lofi for Coding,
Dxrk ダーク,"phonk, drift phonk"
Miley Cyrus,
Hey Violet,
Yung Lean,cloud rap
Steve Lacy,
JNR CHOI,
ABBA,v-pop
The Goo Goo Dolls,
Seafret,
Nessa Barrett,
Wheatus,
CKay,"afrobeats, afrobeat, afropop"
Lizzy McAlpine,
d4vd,
Minar Rahman,bangla pop
Aftermath,bangla pop
NMIXX,k-pop
Otilia,
Sunwoojunga,k-ballad
Suzy,"freestyle, funk melody, miami bass, latin hip hop, chicago house"
Mitraz,"indian indie, hindi indie, desi pop, desi, hindi pop"
Abdul Hannan,"indian indie, hindi indie, desi, desi pop"
Kaifi Khalil,"desi, indian indie"
Akanksha Bhandari,"indian indie, hindi indie, bhajan, devotional"
Tara Lily,
Akanksha Sethi,"indian indie, hindi indie"
Camille,classical
Beach Weather,
Xizt,
Ghost,"metal, hard rock"
Rosa Linn,
Noble Son,
raspy,
Og777x,
Vansire,bedroom pop
Nic D,
vaultboy,
DURDN,"j-r&b, j-pop, japanese indie"
Lonely God,
Stephanie Poetri,
Omar Apollo,bedroom pop
Ben Platt,musicals
Lily Williams,
Noah Kahan,
NAYEON,k-pop
Nathanie,
Stacey Ryan,
KK,
Anumita Nadesan,"indian indie, hindi indie"
高爾宣 OSN,"chinese r&b, chinese hip hop, mandopop, taiwanese pop, c-pop"
J.Sheon,"chinese r&b, mandopop, chinese hip hop, c-pop, taiwanese indie, taiwanese pop, chinese indie"
Reneé Rapp,
Chewie Melodies,
Tom Odell,
Imdad Hussain,hindi indie
Prashant Katheriya,
PUBLIC,
Taaruk Raina,"indian indie, hindi indie, desi pop"
Crash Adams,
TYSM,
E.J. Carter,
Madihu,"v-pop, vietnam indie, vietnamese hip hop"
Zach Bryan,"country, red dirt"
Lakeyah,
Justin Park,
Billie Marten,
Holden Miller,
Jake Daniels,
DLG.,"gospel, african gospel"
Honeydripper,
Simple Minds,new wave
T-Pain,
New West,
Ungu,"indonesian pop, malay, malay pop, sholawat, indorock"
Dewa,"indonesian pop, indorock, malay"
JIN,"opera, mizrahi"
cupcakKe,
Zac Efron,musicals
Ricky Montgomery,
P1Harmony,k-pop
Mcc-e Mac,bangla pop
Joy Crookes,alternative r&b
The Tree,bass music
John Park,k-ballad
Arctic Monkeys,"indie, garage rock"
Piran Khan,bangla pop
Marwan Pablo,"egyptian hip hop, arabic rap, egyptian pop, mahraganat"
Snoh Aalegra,alternative r&b
Arko Mukherjee,"hindi pop, bollywood, bangla pop, desi pop"
Hwang Chang young,
Justine Skye,
NVBR,
Burna Boy,"afrobeats, afrobeat, afropop, afroswing, dancehall, afropiano"
Foudeqush,
Ludwig Göransson,soundtrack
Saint Levant,arabic rap
Nelly Furtado,
Ángela Aguilar,"mariachi, ranchera, banda, música mexicana"
Marco Antonio Solís,"grupera, mariachi, ranchera, latin pop"
Jenni Rivera,"banda, mariachi, ranchera, música mexicana, grupera"
PinkPantheress,bedroom pop
MC L da Vinte,"funk de bh, funk, brazilian funk, funk carioca"
Charlie Hodson-Prior,
Matt Henry,musicals
Alisha Weir,musicals
B.o.B,"emo, pop punk, emo pop"
Hotel Ugly,
泰葉,"anime, soundtrack"
Stephen Dawes,
LE SSERAFIM,k-pop
NewJeans,k-pop
rhianne,
Keane,
Geek Music,anime
H1TD0WN,
Vladini,
GABRIELLA RAELYN,
Cults,
Madan Mohan,"bollywood, qawwali, sufi"
Rahul Sharma,bollywood
Javed Ali,"sufi, bollywood, hindi pop, qawwali, desi, desi pop"
Lucky Ali,"desi pop, bollywood, hindi indie, indian indie, hindi pop"
Kumar Sanu,"bollywood, hindi pop"
Shankar Mahadevan,"bollywood, marathi pop, devotional, bhajan, desi, tamil dance, hindi pop, tamil pop, sufi"
Abhijeet,"bollywood, hindi pop"
Rema,"afrobeats, afrobeat, afropop, afropiano"
Xjloma,
S1mba,afroswing
Zeph,
Manu Chao,latin alternative
Rodrigo Amarante,nova mpb
Jeanette,
Hombres G,"rock en español, latin rock, mexican rock"
VIBIE,lo-fi
Jay Kava,lo-fi
Rajesh Murugesan,"mollywood, malayalam pop, tamil dance"
Pritt,"tamil indie, kollywood"
Thaman S,"tollywood, telugu pop, tamil dance, tamil pop, kollywood, kannada pop"
Vijay Antony,"tamil dance, tamil pop, kollywood, tamil hip hop"
Stephen Zechariah,"tamil indie, tamil hip hop, tamil pop, kollywood"
Santhosh Narayanan,"tamil pop, kollywood, tamil hip hop, tamil dance"
Govind Vasantha,"tamil pop, mollywood, kollywood, malayalam hip hop, malayalam pop"
Mother Mother,
Dhanwanth Srihari,tamil indie
Ninjago Music,
natori,"j-pop, anime"
Zack Tabudlo,"opm, harana, p-pop, kundiman, pinoy r&b, pinoy indie"
Modern Family Cast,
LP,
FIFTY FIFTY,k-pop
JISOO,k-pop
有華,j-pop
Britney Spears,pop
D-Block Europe,"grime, uk drill"
Young the Giant,
Tóc Tiên,"v-pop, vietnam indie, vietnamese bolero"
Cafuné,
Nicky Youre,
DANIELLE,
Libianca,"afrobeats, afrobeat"
Isabel LaRosa,
Alex Porat,
Roar,reggaeton
Ajay-Atul,"marathi pop, bollywood, hindi pop, bhajan, devotional, desi"
Dev Negi,"gujarati garba, bollywood, hindi pop, desi"
Aroob Khan,
Dramatic Violin,
Bazzi,
Billy Crystal,
Travis Scott,rap
Matt Maltese,
Men I Trust,"bedroom pop, indie pop"
Park Boram,"k-ballad, soundtrack"
Kim Feel,"k-ballad, soundtrack"
OHHYUK,k-ballad
Mao Buyi,"gufeng, c-pop, mandopop"
贺敬轩,"gufeng, c-pop, mandopop"
831,"latin house, afro house, tribal house"
Gesaffelstein,
Cigarettes After Sex,dream pop
Chase Atlantic,
Ty Dolla $ign,
Bathe Alone,dream pop
Yoon Hang-Ki,
Lee Moon Sae,k-ballad
Adelyn Paik,
J Rabbit,"industrial metal, industrial, industrial rock, electronic rock"
Pritom Hasan,bangla pop
Shiekh Sadi,bangla pop
Fairose Nawar,bangla pop
Fuad,"dangdut, sholawat"
Topu,bangla pop
Imran Mahmudul,bangla pop
Tanjib Sarowar,bangla pop
Selena Gomez,pop
Ishrak J Niloy,bangla pop
Sushmita Sarker,bangla pop
Habib,
Sahil Sanjan,bangla pop
Towfique,bangla pop
Sayan Das,
Pratik Kundu,bangla pop
JoLi,
Ylvis,
PSY,
Raimby,
A Boogie Wit da Hoodie,melodic rap
Rashid Ali,"bollywood, hindi pop"
AKB48,"j-pop, c-pop"
HUH YUNJIN,k-pop
Jung Kook,k-pop
JIHYO,k-pop
Alan Menken,
Yashita Sharma,"gujarati pop, bollywood, desi"
Labh Janjua,"bollywood, desi, bhangra"
Josh Makazo,
Motörhead,"heavy metal, speed metal, metal, hard rock, rock"
Dead Kennedys,"punk, hardcore punk, skate punk, proto-punk"
Iron Chic,"punk, indie punk, melodic hardcore, skate punk"
Ramones,"punk, proto-punk"
Otoboke Beaver,"noise rock, j-rock, hardcore punk"
T.S.O.L.,"crunk, southern hip hop"
Caroline Jones,
The Queers,"punk, skate punk, pop punk, ska punk"
The Stooges,"proto-punk, punk, garage rock"
Jeon Chang Yeop,soundtrack
IVE,
Laufey,
Kaliii,
Lennon Stella,
Alva Adler,
Doechii,
Train,soft pop
6th Street Jazz,jazz
Carlina,
Chill&Go,neoclassical
Ivy Parry,
Christopher,musicals
thủy,
Sabrina Carpenter,
aespa,k-pop
JO YURI,k-pop
MISAMO,k-pop
Lorde,
Metro Boomin,
Tabber,k-rap
Nelly,
Jennifer Lopez,
KAIYI,"c-pop, chinese r&b"
PRETTY HAVØC,
Eric Chou,"mandopop, c-pop, taiwanese pop, chinese r&b"
MAVE:,"gospel, african gospel"
DARA,
Tanya Chua,"mandopop, taiwanese pop, c-pop"
Xdinary Heroes,"k-rock, k-pop"
Alexander Joseph,
CL,
Ne-Yo,
Jimin,k-pop
Alka Yagnik,"bollywood, hindi pop, desi"
Alisha Chinai,"bollywood, desi, hindi pop"
Teya Dora,
Paban Das Baul,bangla pop
Arkadeep Mishra,bangla pop
WOOZI,
K/DA,traditional music
HOYO-MiX,soundtrack
visioner.,phonk
League of Legends,
Athena,"hyperpop, phonk, nightcore, jersey club"
ta2cute,
alt!,"dangdut, sholawat"
Tirakiss,
Egzod,
Armani White,
Robin Hustin,
VALORANT,
1nonly,phonk
Baby Tate,
Sachin-Jigar,"gujarati pop, bollywood, hindi pop, desi, gujarati garba"
Ayushmann Khurrana,"bollywood, hindi pop"
Sohail Sen,"bollywood, hindi pop, desi"
Ryan Gosling,
Charli xcx,"hyperpop, art pop"
LYRE,
Descendents,"punk, skate punk, hardcore punk, ska punk, melodic hardcore"
aizy,dubstep
LLEU,
Mixla Production Beats,freestyle
Puddle Of Mudd,post-grunge
XG,
KISS OF LIFE,k-pop
SuperM,hypertechno
Tazzy,"hypertechno, hardstyle"
LIMELIGHT,
冨岡愛,j-pop
Cast - Frozen,
Carolina Gaitán - La Gaita,
RAYE,
Jeff Buckley,
Aerosmith,"classic rock, rock"
MGMT,
RIIZE,k-pop
Ari Afsar,musicals
Radical Redemption,"hardstyle, hardcore, frenchcore, gabber"
Valor,
Mark Hennson,"hardstyle, hypertechno"
Rixton,
Lamis Kan,"egyptian pop, khaleeji"
Sherine,"egyptian pop, sholawat, khaleeji"
Sona Mohapatra,"bollywood, desi, hindi pop"
Anu Malik,"bollywood, hindi pop, desi"
Colde,
Lamp,
dosii,
Beautiful Chorus,
LXNGVX,"phonk, brazilian phonk"
Slowboy,"phonk, brazilian phonk, rally house"
MoonDeity,"phonk, drift phonk"
Forrest Frank,"christian hip hop, pop worship, christian pop, christian, worship, gospel r&b"
LMFAO,
Russ,
Aaryan Shah,
JAEHYUN,
Music Factory,
GWSN,
SUICIDAL-IDOL,hyperpop
Dominic Fike,
*NSYNC,
Steven Universe,
DJ Davion,
ONIBI,
Six Dior,
ditto,
Mckyyy,
Batuhanxbt,
DJ Tec,
sped up viral,
NBSPLV,
ImXgine,
Lomz,
EXE ROHIT,
Aliyah's Interlude,
True Damage,
JT Music,nerdcore
Ant Saunders,
Lil Mosey,melodic rap
SALES,classical
Gucci Mane,"southern hip hop, rap, trap"
Tate McRae,
badkarma,
Reyansh Chaudhuri,
JAY-Z,"hip hop, east coast hip hop, rap"
SiM,classical
Dove Cameron,
Kid Cudi,
Amy Winehouse,
Michael Bublé,christmas
End of the World,
Paul Davis,soft rock
Peter Cetera,soft rock
"Joe ""Bean"" Esposito",
The Flirts,"hi-nrg, italo disco, italo dance, disco"
Bananarama,hi-nrg
Commuter,
Survivor,
B.E.R.,"banda, norteño, grupera"
Miracle Musical,
The Rah Band,
Yuki Saitou,city pop
MANGA PROJECT,"anime, j-rock"
yankie,k-rap
Balming Tiger,k-rap
Cindy,
Eyedress,
TV Girl,
Mareux,darkwave
Neeraj Shridhar,"bollywood, desi, hindi pop"
Pinky,"cuarteto, cumbia"
Jeet-Pritam,"bollywood, desi"
Remo Fernandes,desi pop
Roop Kumar Rathod,"bollywood, sufi, hindi pop, desi"
Hariharan,"bhajan, tamil pop, ghazal, kollywood, devotional, telugu pop"
bôa,
Nancy Adams,
Suki Waterhouse,
Rita Payés,bolero
dacelynn,bedroom pop
Rachel Zegler,
STAYC,k-pop
BSS,
Ally Dawson,
Krystian Balawender,
Bari Siddiquee,bangla pop
Bangla Song Collection,
Shunno,bangla pop
Toshant Kumar,
Warfaze,bangla pop
Level Five,bangla pop
Shironamhin,bangla pop
AvoidRafa,bangla pop
Modern Talking,"italo disco, europop, eurodance"
Keyshia Cole,r&b
He Is We,
Tarif,"turreo, rkt"
DJ Michael Double,
Million Eyes,
Creepy Nuts,"anime, j-pop, j-rap"
13Aurora,
Avantika,
Skylar Capri,
Prem & Hardeep,"bollywood, desi, bhangra, desi pop"
ovg!,
Tory Lanez,
Mamta Sharma,"bollywood, desi"
Nandita,bangla pop
Lesley Gore,
Vibha Saraf,"bollywood, hindi hip hop"
Meryl Streep,musicals
Slayer,"thrash metal, metal, speed metal, heavy metal, groove metal, death metal"
Nirvana,"grunge, rock"
Elnaaz Norouzi,
Harshavardhan Rameshwar,
Prem Hardeep,"bollywood, desi, bhangra, desi pop"
AUR,"opera, mizrahi"
Vishal Mishra,"bollywood, hindi pop"
Anuradha Paudwal,"bhajan, devotional, marathi pop, ghazal, bollywood, hindi pop"
Lee Hyori,k-pop
Orange Caramel,k-pop
AOA,
Brown Eyed Girls,k-pop
Ilene Woods,
Frank Sinatra,"christmas, big band, adult standards, swing music, vocal jazz, jazz"
Dean Martin,"christmas, adult standards, big band, swing music"
fromis_9,"k-pop, bubblegum pop"
JEON SOYEON,
SAya,
Saleem Shahzada,"bollywood, desi"
Weyes Blood,"art pop, baroque pop, chamber pop"
Mars Argo,
Ado,
whaledontsleep,"j-pop, japanese indie, vocaloid"
Takayoshi,
Kikuo,vocaloid
Zivilia,"indonesian pop, malay, malay pop"
jon-YAKITORY,"vocaloid, j-pop, anime"
Sixway,k-rap
Cody Lovaas,
Tiger La Flor,
Devin Kennedy,indie r&b
Alec Wigdahl,
Anthony Russo,
GroovyRoom,k-rap
Kanii,jersey club
PSYCHIC FEVER from EXILE TRIBE,j-pop
ATARASHII GAKKO!,"j-pop, j-rock"
Maria Mena,norwegian pop
SawanoHiroyuki[nZk],"anime, j-pop, j-rock"
SennaRin,"anime, j-pop"
Pretty Patterns,
Lijo George,"gujarati garba, gujarati pop, hindi pop, bollywood, desi"
Maul,worship
Undenify,
AniLifts,hardstyle
siouxxie sixxsta,hyperpop
SICK CVNT,hardstyle
Rustage,"nerdcore, anime rap, anime"
KENTENSHI,breakcore
Mo Beats,
Jair Archive,
Ethan Bortnick,
Apollo Fresh,"anime, meme rap, anime rap"
Freddie Dredd,"phonk, dark trap, memphis rap"
Cochise,rage rap
Nimstarr,
$uicideboy$,"dark trap, emo rap, horrorcore, punk rap, cloud rap, underground hip hop"
Softwilly,"meme rap, hyperpop"
Ace of Base,"eurodance, europop"
Muni Long,
Flo Milli,
Rich Amiri,rage rap
J.Tajor,
Victoria Monét,alternative r&b
4batz,
Timbaland,
Mariah Carey,christmas
Lil Uzi Vert,melodic rap
HYBS,
wave to earth,
Brash Hounds,
Djo,
Hecate Music,
Evan Call,anime
Divya Kumar,"bollywood, gujarati garba, hindi pop, desi, gujarati pop"
MIIA,
SHAD,"trip hop, downtempo"
naomi & goro,"bossa nova, shibuya-kei"
Dasha,
Armaan Malik,"hindi pop, bollywood, kannada pop, tollywood, telugu pop"
Aadesh Shrivastava,"bollywood, desi"
Anees Rahman Taliparamba,sholawat
Mustafa Atef,sholawat
Siedd,sholawat
Raheem,"indian indie, hindi indie, desi, desi hip hop, desi pop, hindi hip hop"
Muhammad Al Mamun,sholawat
Falguni Pathak,"gujarati garba, gujarati pop, desi pop, bhajan"
Shantanu Moitra,"bollywood, hindi pop"
ILLIT,k-pop
BABYMONSTER,k-pop
Ichiko Aoba,"japanese indie, shibuya-kei"
Artemas,
¥$,"indie, garage rock"
Trinidad Cardona,
Palace,
DIAL,jazz house
Nori Beats,
KT.$PAZZIN,
flux.beats,
Fearless Motivation,
TBT Prod.,"phonk, g-house"
Ai Higuchi,"anime, j-pop"
imase,j-pop
Lay Bankz,jersey club
Chris Grey,
Darci,
Intrigue Visio,malay rap
Odetari,"hyperpop, nightcore, jersey club"
noturgf,
Tyla,traditional music
Tame Impala,"indie, psychedelic pop"
YOUNG POSSE,k-pop
Ombre2Choc Remix,
Chloe Ament,
Macklemore,
Shashaa Tirupati,"hindi pop, bollywood, tamil pop, kollywood"
Yasser Desai,"bollywood, hindi pop, desi"
Raghav,"hindi indie, indian indie, hindi pop, bollywood"
Yohani,"hindi pop, bollywood, desi, desi pop"
Shail Hada,"gujarati garba, bollywood, gujarati pop, desi, hindi pop"
Zack Knight,"desi, bollywood, bhangra, desi pop"
Meet Bros Anjjan,"bollywood, desi, hindi pop"
Suginami Children's Choir,anime
Joe Hisaishi,"japanese classical, anime"
FKJ,
Satoshi Takebe,anime
Shigeru Nagata,anime
Streaming Music Studios,
Sanjay Leela Bhansali,"gujarati garba, bollywood, desi, ghazal, hindi pop"
Afsana Khan,"desi, punjabi pop"
Coi Leray,
Kensuke Ushio,anime
Tommy Richman,
Radiohead,"art rock, alternative rock"
Miyuze,
AsapSCIENCE,
Sushma Shrestha,ghazal
Coolio,"west coast hip hop, g-funk"
PONCHET,"thai pop, t-pop, thai hip hop"
ano,
YUNGBLUD,
Adikara,"indonesian pop, indonesian indie"
JACKBOYS,
Aminé,
Matt Ebenezer,
Of Mice & Men,"metalcore, post-hardcore, screamo, metal, emo"
Seether,"post-grunge, alternative metal, rock"
HELLYEAH,"groove metal, metal"
Apocalyptica,"symphonic metal, symphonic rock"
Aryhnn,
Soap&Skin,
Joseph Sinatra,latin house
prodbycpkshawn,jersey club
RJ Pasin,phonk
ENDUZIX,
Joey Valence & Brae,
Nat King Cole,"christmas, adult standards, vocal jazz"
Myuu,
Trans-Siberian Orchestra,christmas
Lindsey Stirling,
Jameel Patrick,
ENCASSATOR,phonk
Tally Hall,
Slipknot,"nu metal, metal, alternative metal, rap metal, heavy metal"
Peter McPoland,
Avril Lavigne,
My Chemical Romance,"emo, pop punk, emo pop"
Mindless Self Indulgence,
mousike,
Brit Smith,
The Oh Hellos,"christian folk, folk pop, indie folk"
Jorge Rivera-Herrans,musicals
Ross Lynch,
Halsey,
PEGGY,
Mad Tsai,
Keith David,
Nico Collins,nightcore
Andrew Rannells,musicals
6arelyhuman,hyperpop
Mykola Dmytrovych Leontovych,
Samuel Kim,anime
Halle,
Lily James,musicals
Carlos Vives,"colombian pop, vallenato, latin, latin pop"
Jon Batiste,
Jess Benko,
IAMX,
Up The RIvals,
xo <3,
The Noise,
Central Cee,"uk drill, drill, grime"
Keith Ape,k-rap
Charluu,
千葉雄喜,j-rap
Jordan Adetunji,sexy drill
Mohammad Faiz,hindi pop
jnhygs,"jersey club, hyperpop"
Grailz Beni,
Novacane,lo-fi beats
Leo Birenberg & Zach Robinson,
Moderatto,"rock en español, mexican rock, latin pop"
Dead Or Alive,"hi-nrg, synthpop"
Kari Kimmel,gothic country
Rae Sremmurd,
Sevdaliza,
Don Toliver,
Elvis Presley,"rockabilly, rock and roll"
Eurythmics,"new wave, synthpop"
"Earth, Wind & Fire",disco
The Beatles,"classic rock, psychedelic rock"
AC/DC,"rock, hard rock, classic rock, rock and roll"
Kris Bowers,
Melly Mike,
Diljit Dosanjh,"bhangra, punjabi pop, punjabi hip hop, desi, bollywood, desi pop"
Wajid,"bollywood, desi"
The Killers,alternative rock
Bilal Saeed,"punjabi pop, desi, bhangra, desi hip hop"
Zander Hawley,
Dutch Melrose,
Gabriela Bee,
Crowe Boys,
ZUBIN,"opera, classical"
TOTO,soft rock
We Are The Night,k-rock
They Might Be Giants,
Keris,"indonesian pop, malay"
rhyu,
Will Wood,dark cabaret
Chinmayi,"tollywood, tamil pop, telugu pop, kollywood, marathi pop, bollywood, hindi pop, desi"
Lil Kayla,
Cardi B,
Krishnokoli Islam,bangla pop
Tiffany,worship
H.E.R.,r&b
Rendezvous At Two,
Gloria Kim,melbourne bounce
Barney Sku,bangla pop
Berlin,"classical, orchestra, opera, requiem"
Kenny Loggins,
Franz Ferdinand,indie rock
Dawid Podsiadło,
Rosa Walton,
Natasha Bedingfield,
Alphaville,synthpop
Olivia Newton-John,
Eagles,"classic rock, soft rock"
Miles Teller,
Skxps,
Captain Jack,"eurodance, europop"
Running Cadence,
U.S. Drill Sergeant Field Recordings,
Tech N9ne,horrorcore
ok cuddle,midwest emo
Childish Gambino,
Kina Grannis,acoustic pop
Paris Paloma,
"Hop Along, Queen Ansleis",
Alex G,
Laurie Anderson,"art pop, avant-garde, art rock, spoken word"
Fiona Apple,"art pop, chamber pop"
The Scary Jokes,
Chonny Jash,
Celtic Woman,celtic
Rupert Holmes,
Deepthi Suresh,"tamil pop, tamil dance, kollywood"
Shilpa Rao,"bollywood, hindi pop, desi"
Bridgit Mendler,
Sam C.S.,"motown, soul"
Anurag Kulkarni,"tollywood, telugu pop"
Sid Sriram,"tollywood, telugu pop, tamil pop, kollywood"
Adrianne Lenker,
Anusheh Anadil,bangla pop
Chandana Majumder,bangla pop
Quavo,
Sixpence None The Richer,
Momtaj,bangla pop
Larry Tee,electroclash
Mild High Club,psychedelic pop
dreamsoda,
Britney Manson,
Nakash Aziz,"bollywood, tollywood, desi, telugu pop, hindi pop, tamil dance"
Sophie Ellis-Bextor,
yioku,
Calyxis,anime
Kailash Kher,"sufi, bhajan, bollywood, qawwali, hindi pop, devotional, kannada pop"
Rochak Kohli,"bollywood, hindi pop, desi"
Karan Singh Arora,
Dhvani Bhanushali,"hindi pop, bollywood, desi pop, desi"
S. P. Balasubrahmanyam,"telugu pop, kannada pop, tamil pop, devotional, tollywood, sandalwood, kollywood"
Bappi Lahiri,"bollywood, bangla pop, hindi pop"
Kamaal Khan,"bollywood, hindi pop"
Nazia Hassan,"bollywood, desi"
Mika Singh,"bollywood, desi, hindi pop"
Harshit Saxena,"bollywood, hindi pop"
Teena Marie,"quiet storm, post-disco"
rvmi,
Mike Shinoda,
Raja Kumari,"desi hip hop, hindi hip hop"
FEVER 333,"rap metal, rap rock"
Ashnikko,
Sheryl Lee Ralph,
Woodkid,chamber pop
Marcus King,"modern blues, blues rock"
Freya Ridings,
STARSET,
Linkin Park,"nu metal, rap metal, rock, alternative metal"
Pierce The Veil,"emo, screamo, post-hardcore"
Catch Your Breath,metalcore
Bad Omens,"metalcore, metal"
Evanescence,alternative metal
Drowning Pool,"nu metal, alternative metal, rap metal, metal"
Arcane,
Remi Wolf,
Peter Cat Recording Co.,indian indie
Nascent,
Pale Jay,retro soul
Amaarae,"alté, afrobeats"
Chappell Roan,
Akshath,"indian indie, hindi indie, hindi pop"
Ram Sampath,"bollywood, hindi pop, desi"
Ariis,"phonk, brazilian phonk"
isq,
LOVELI LORI,
LISA,k-pop
xxanteria,"phonk, brazilian phonk"
2KE,
Eternxlkz,"phonk, brazilian phonk"
Laila!,sexy drill
CURSEDEVIL,"phonk, brazilian phonk, drift phonk"
фрози,
Bryansanon,jersey club
Heidi Montag,
Ogryzek,"phonk, brazilian phonk"
K3NT4!,
Gigi Perez,
aspidistrafly,
Elliot James Reay,
Øneheart,"dark ambient, ambient"
Frou Frou,
Patrick Watson,
Rio Romeo,
Bryant Barnes,
Bakar,
Gibran Alcocer,
juju<3,
Frankie Valli,
Wabie,bedroom pop
Ari Abdul,
Matty Carter + Ariel,
KUURO,dubstep
Shevya,indian indie
Akshara,"bhojpuri pop, bhojiwood"
RMS,
Anjali Taneja,
dopuu,
Hozier,
Imogen Heap,
The Black Skirts,k-rock
DANIEL,
IV Of Spades,"opm, pinoy indie, harana, p-pop, kundiman"
SunKissed Lola,"opm, harana, pinoy indie, p-pop, kundiman"
yuji,
Muse,
Cage The Elephant,modern rock
Gorillaz,
Fitz and The Tantrums,
Wet Leg,"indie rock, indie"
Bonnie Tyler,
Yeah Yeah Yeahs,indie rock
The Cranberries,
Denzel Curry,punk rap
Stromae,french pop
The Marías,bedroom pop
Eason Chan,"cantopop, mandopop, c-pop, taiwanese pop"
Fairuz,
Votabias,
angeldust,"breakcore, jungle"
ptasinski,phonk
Guns N' Roses,"rock, glam metal, hard rock, classic rock"
Husain Huzaifa,sholawat
Nasheed Harmony,sholawat
Omar Esa,sholawat
Safe Adam,
jsthebg,
Frank,
MDP,
Bear McCreary,"soundtrack, celtic"
Chezile,
Insane Ashraf,
Matthew Ifield,
qhabb,"guaracha, funkot, desi, sufi, qawwali"
The Verve,"britpop, shoegaze"
Gotye,
Fleetwood Mac,"classic rock, soft rock"
Sachin Sanghvi,"gujarati pop, bollywood, desi, hindi pop"
Silver,"post-hardcore, screamo, emo, emocore, metalcore, emo pop, pop punk"
Naughty Boy,
boygenius,
Татьяна Куртукова,
satirin,"phonk, brazilian phonk"
Shy Glizzy,
mikeeysmind,
Arman Alif,bangla pop
Jerry Goldsmith,soundtrack
SEOK MATTHEW,
The Big 80s Guys,
Sinan Noor,sholawat
do not resurrect,"dark trap, horrorcore"
P.T. Adamczyk,
Babul Supriyo,"bangla pop, bollywood"
K1LLED,
R E L,"banda, norteño, grupera"
Konrad OldMoney,
Rich Boy,"southern hip hop, crunk"
Tommy Ami,
Namakopuri,
Lexz,
El Azhar,
Mikhaael Mala,sholawat
Abdullah Aljarallah,sholawat
صديقك,
Shakir Khan Rahmani,sholawat
Raed Al Qahtani,
Mohamed Kendo,sholawat
Sunnah,meme rap
Abdulla AlSinani,
Abdel Karim Mahyoob,
مشاري بن راشد العفاسي,sholawat
Ajay Gogavale,"marathi pop, devotional, bhajan"
Enjambre,"mexican indie, rock en español, mexican rock, latin indie, latin rock, latin alternative"
Ravyn Lenae,alternative r&b
Phoebe Bridgers,
Almonshid,
Osama Al Safi,
GIMS,"french pop, pop urbaine"
nBeats,
Rakesh rafukiya,
Varun Jain,"hindi pop, bollywood, desi pop, desi"
Ovais Singstar,
Fuerza Regida,"corrido, corridos tumbados, corridos bélicos, sierreño, música mexicana, banda, electro corridos, sad sierreño"
yung kai,
Chrystal,
Lola Young,
Janet Jackson,new jack swing
Kim Jung Mi,
Naïka,
Ethan Low,
Joya Mooi,neo soul
Masego,
BLK ODYSSY,
Lil' Kim,east coast hip hop
Three 6 Mafia,"memphis rap, southern hip hop, crunk, horrorcore, gangster rap"
Papa Roach,"nu metal, rap metal, alternative metal, rap rock, rock"
Casey Edwards,japanese vgm
Power Glove,"synthwave, vaporwave"
Carameii,anime
Jace June,
arya x,
Abu,"opera, mizrahi"
Lil Yachty,
NAV,melodic rap
Yeat,rage rap
kwn,
