master_metadata_track_name,monthsActive
Spring Day,50
"Me, Myself & I",42
Chill Bill (feat. J. Davi$ & Spooks),38
See U Never,37
Demons,34
I Love You So,34
My Dude,34
Tum Hi Ho,33
シルエット,32
Enchanted,32
Jealous,31
Everybody Wants To Rule The World,31
American Dream,30
Until I Found You (with Em Beihold) - Em Beihold Version,30
Heat Waves,30
Euphoria,30
Indigo,30
インフェルノ,30
Good Riddance (Time of Your Life),30
FOOL,30
My Jinji,30
CRY FOR ME,30
Confident,29
Gold Coast,29
Gone,29
Classic,29
CLAP,29
Let Me Love You,29
EVERYDAY,29
Bad Boy,29
FAKE LOVE,28
Jasmine,28
This Side of Paradise,28
lowkey,28
Sunflower - Spider-Man: Into the Spider-Verse,28
LOVE SCENARIO,28
Sunn Raha Hai (Male Version),28
Epiphany,28
I Wanna Be Yours,27
Sorry Dipannita,27
MOVE,27
Under The Influence,27
Me and My Husband,27
Moonlight,27
As If It's Your Last,27
I Need Somebody,27
Save Your Tears (with Ariana Grande) (Remix),26
Ghum (Official),26
LOSER,26
Love Shot,26
I Need U,26
Hope Not,26
"무제(無題) (Untitled, 2014)",26
Janam Janam,25
"Ranjha (From ""Shershaah"")",25
Aao Chalein,25
紅蓮華,25
I Loved You,25
Kal Ho Naa Ho,25
High School in Jakarta,25
The Eve,25
BBIBBI,25
Counting Stars,25
I Like U,25
Sweater Weather,25
good 4 u,24
Growl,24
BeVerly Hills BoYfRiEnd,24
Aao Milo Chalo,24
DNA,24
Primadonna,24
Some,24
Split,24
double take,24
Gashina,23
Misbehave,23
Alexander Hamilton,23
E Hawa,23
Somewhere Only We Know,23
La La Lost You,23
FXXK IT,23
Lose,23
無畏 (電視劇《以家人之名》片頭主題曲),23
Mayonaka no Door / Stay With Me,23
Why So Lonely,23
Tempo,23
Starry Night,23
Starlight,23
Muskurane - Romantic,22
AH YEAH,22
Anti-Romantic,22
Warpaint,22
"Very, Slowly",22
Serendipity (Full Length Edition),22
MAMA,22
I'm Fine,22
Sofia,22
Cloud 9,22
Need to Know,22
veil,22
Miracles in December - Chinese Version,21
IF YOU,21
California (feat. Warren Hue),21
Airplane pt.2,21
Egotistic,21
Tujh Mein Rab Dikhta Hai,21
like i need u,21
Maria,21
BTBT,21
Tujh Mein Rab Dikhta Hai - II,21
Ko Ko Bop,21
I AM,21
"눈,코,입 (Eyes, Nose, Lips)",21
Cake By The Ocean,21
Monster,21
Tere Liye,21
Run,21
Introduce me a good person - Drama Version,21
DDU-DU DDU-DU,21
AEAO,21
TT,20
I'M OK,20
telepatía,20
Why'd You Only Call Me When You're High?,20
"Akh Lad Jaave (From ""Loveyatri"")",20
blue,20
Vintage,20
Cool for the Summer,20
Still With You,20
Treat You Better,20
Stigma,20
Singularity,20
How Far I'll Go,20
Shinunoga E-Wa,20
SOBER,20
Dance Pe Chance,20
Feel Special,20
The Hills,20
Peek-A-Boo,20
Dandelions,20
Miracles in December,20
Melting,20
Master of Puppets,20
Every Summertime,20
November Rain,20
GOODBYE ROAD,19
Ekhon Onek Raat,19
Strange Land,19
"Pal (From ""Monsoon Shootout"")",19
Toothbrush,19
Mmmh,19
情人,19
urs,19
The Truth Untold,19
Lost on You,19
Lullaby,19
Anpanman,19
Nagada Sang Dhol,19
Nithua Pathare - Version 1,19
What Makes You Beautiful,19
Love Story,19
See You Again (feat. Charlie Puth),19
100 Degrees,19
Dos Oruguitas,19
study abroad (Feat. Han-All),19
prom dress,19
Sinatra,19
La La Lost You - Acoustic Version,19
Swim,19
HANN (Alone),19
Hide (feat. Seezyn),19
Lonely,19
Pal,19
I Love You 3000 II,19
Eka Beche Thakte Shekho Priyo,18
Hold On Tight,18
Escapism.,18
MIC Drop,18
Save Me,18
Mast Magan,18
Chahun Main Ya Naa,18
Don’t You Worry,18
Don't Wanna Cry,18
"One Of The Girls (with JENNIE, Lily Rose Depp)",18
"Ghalat Fehmi - From ""Superstar""",18
Just One Day,18
Youngblood,18
Reflections,18
Don't worry,18
Sanctuary,18
공허해 empty,18
2! 3!,18
Cool,18
HUMBLE.,18
Ugly,18
Sour Grapes,18
Give Me A Chance,18
Give Me Some Sunshine,18
Burnin' Up,18
Introduce me a good person,18
Shoot Me,18
Downtown Baby,17
Guren no Yumiya,17
Fire In The Sky,17
Congratulations,17
Dance The Night Away,17
Kabira (Encore),17
KILLING ME,17
Main Agar Kahoon,17
Mockingbird,17
"For Life - English Version, Live",17
My Love Mine All Mine,17
NO ONE,17
PERFECT,17
"Kar Har Maidaan Fateh (From ""Sanju"")",17
Something Just Like This,17
La Llorona,17
COME BACK HOME,17
Black Swan,17
Sorry,17
"Gamushara (From ""Black Clover"")",17
Summertime Sadness,17
I'll Make a Man Out of You,17
Through the Night,17
Wicked Ones,17
YES or YES,17
Love Talk - English Version,17
You Were Beautiful,17
Blood Sweat & Tears,17
Breathe,17
Hellevator,17
LAST DANCE,17
"fantasize (but just before i go, there's something you should know)",17
summer,17
Go Go,17
ブルーバード,17
炎,17
Closer,17
THE DAY,16
イザベラの唄,16
Balam Pichkari,16
Kill Bill,16
Main Hoon Na,16
Look,16
Guns and Ships,16
Goumi,16
"Let It Go - From ""Frozen""/Soundtrack Version",16
Um Oh Ah Yeh,16
Scared Of Love (with instrumental by Ghost Loft),16
Re:Re:,16
Phoenix (Haikyuu!! Season 4: To the Top),16
Burn,16
LOVE ME RIGHT,16
Dawn of us,16
I Don’t Wanna Live Forever (Fifty Shades Darker),16
Prom Queen,16
Moral of the Story,16
Saadda Haq,16
Lie,16
Story of My Life,16
All The Stars (with SZA),16
시작,16
Sugarplum Elegy,16
FEVER,16
Chasin' the Beat of My Heart,16
Illusion,16
Breakthrough,16
Heart Of Fire,16
Self Love (Spider-Man: Across the Spider-Verse) (Metro Boomin & Coi Leray),16
Smells Like Teen Spirit,16
Bewafa,16
Better Things,16
Black Catcher,16
遥か彼方,16
Darling,16
Drunk Dial,16
Satisfied,16
deja vu,16
Coffee,16
Imagination,15
Just Right,15
Wherever You Will Go,15
Dilbaro,15
Hype Boy,15
Mrito Attha,15
No,15
Drag Me Down,15
On The Ground,15
Heartless,15
Midsummer Madness,15
Angels Like You,15
Stay Alive,15
Cherry Bomb,15
See You Again (feat. Kali Uchis),15
SLOW DANCING IN THE DARK,15
Speechless (Full),15
Shine,15
STAY - Japanese Version,15
My Shot,15
Palette (feat. G-DRAGON),15
No Worries,15
Chilly,15
Here With Me,15
Guess Who Is Back,15
Starboy,15
Side To Side,15
Smart,15
Super Shy,15
Dear Diary,15
"Hello, shooting-star",15
Let Me Down Slowly,15
"Sex, Drugs, Etc.",15
A Winter's Ball,15
"Aaron Burr, Sir",15
lovely (with Khalid),15
sky & blue,15
Brishtir Opare,15
summertime,15
REALLY REALLY,15
カタオモイ,15
打上花火,15
空に歌えば,15
Young Dumb & Broke,15
Banjaara,14
Sheila Ki Jawani,14
Kitsch,14
Insane,14
Temporary,14
HEROES,14
MIROH,14
애인만들기,14
SOLO,14
Rather Be (feat. Jess Glynne),14
AIR,14
Count on Me,14
Grenade,14
Kannazhaga - The Kiss of Love,14
"Dekha Ek Khwab (From ""Silsila"")",14
Sucker,14
Drive Safe,14
Best Day Of My Life,14
No Blueberries,14
Shadows on the Wall,14
My Pace,14
FLY HIGH!!,14
Remember Me (Dúo),14
Don't Know What To Do,14
ONLY,14
Kick It,14
District 9,14
Always with Me,14
"Dilbar (From ""Satyameva Jayate"")",14
Say So - Japanese Version,14
Down,14
Tip Toe,14
Don’t,14
Typa Girl,14
Uptown Funk (feat. Bruno Mars),14
View,14
War With Heaven,14
LONG TIME NO SEE,14
Wash,14
Who (feat. BTS),14
Lights,14
You'll Be Back,14
You're Welcome,14
Paradise,14
again,14
BOOM,14
eight(Prod.&Feat. SUGA of BTS),14
The Story of Tonight,14
right here,14
skeletons,14
Lemon,14
The Lazy Song,14
Kala Chashma,14
the remedy for a broken heart (why am I so in love),14
My House,14
イマジネーション,14
Mood (feat. iann dior),14
ポラリス,14
レイン,14
HOME,14
Mad World,14
Lambiyan Judaiyan,14
Criminal,14
"CAN'T STOP THE FEELING! (from DreamWorks Animation's ""TROLLS"")",13
Tell Me (Rap Version),13
Through and Through,13
Tie a Cherry,13
Replay,13
Red Swan,13
Trivia 轉 : Seesaw,13
FE!N (feat. Playboi Carti),13
Apna Time Aayega,13
All of Me,13
VIVID VICE,13
Vacant,13
Right Hand Man,13
WINDY SUMMER,13
Wait for It,13
Chammak Challo,13
Hate Me (with Juice WRLD),13
"Orange (From ""Your Lie in April"") [Ending 2] - Piano Arrangement",13
Wavin' Flag,13
Way Back Home,13
What is Love,13
Brooklyn Baby,13
Meet Me Inside,13
CLOSER　-NARUTO オープニング ver.-,13
Helpless,13
Likey,13
All in,13
If You Do,13
ATTENTION,13
astroboy.,13
Tomboy,13
Ai Đưa Em Về,13
don't play your card,13
Jocelyn Flores,13
girls like me don't cry,13
instagram,13
Saajanji Ghar Aaye,13
motive (with Doja Cat),13
I Don't Smoke,13
Oxygen,13
HERO,13
Nxde,13
Sadness and Sorrow (Naruto),13
Sadness and Sorrow,13
Happy Nation,13
Ride It,13
Kaikai Kitan,13
ヒカリアレ,13
Queencard,13
Robbery,13
DNA.,13
Monster - English Version,13
Remember,13
裸の勇者,13
Dancing With The Devil,13
boyfriend (with Social House),13
Cruel Summer,12
BIBI Vengeance,12
Ring Ring (with Rvssian feat. Clever),12
ID,12
BREATHE,12
10 Minutes,12
The Story of Tonight - Reprise,12
The Schuyler Sisters,12
Corduroy Dreams,12
The Sailor,12
The Avatar's Love,12
Thank You,12
There's Nothing Holdin' Me Back,12
Ten Duel Commandments,12
Džanum,12
LOYALTY. FEAT. RIHANNA.,12
Milne Hai Mujhse Aayi,12
I DO,12
"Kamado Tanjirou no Uta (From ""Demon Slayer: Kimetsu no Yaiba"") [Full Version]",12
Try Again,12
JERK,12
Lose Yourself,12
Love Yourself,12
Mind Games,12
Sweet but Psycho,12
ANTIFRAGILE,12
Sweet Creature,12
WHISTLE,12
Everybody Dies In Their Nightmares,12
Sunday Best,12
Wake Up,12
Everybody Wants To Rule The World - From “The Hunger Games: Catching Fire” Soundtrack,12
Aaja Nachle,12
Lucid Dream,12
Non-Stop,12
Sugar,12
We Don't Talk Anymore (feat. Selena Gomez),12
What Comes Next?,12
Lucid Dreams,12
What's Up Danger (with Black Caviar),12
Sparkle - movie ver.,12
Stolen Dance,12
Behti Hawa Sa Tha Woh,12
Wind flower,12
YEAH RIGHT,12
R★O★C★K★S(第1話),12
Ye Ishq Hai,12
COMING HOME (feat. NIKI),12
Yorktown (The World Turned Upside Down),12
Dark Red,12
Bolna Tui Bolna,12
Impurities,12
Dat $tick,12
alright,12
Lost in You,12
HVN ON EARTH (with Kodak Black),12
death bed (coffee for your head),12
"Hello, Anxiety",12
Love Somebody,12
Nandemonaiya - movie edit.,12
MY BAG,12
HEAVEN AND BACK,12
Farmer Refuted,12
Dear Theodosia,12
No One,12
move!,12
LIGHTSABER,12
Shoong! (feat. LISA of BLACKPINK),12
GO!!!,12
Here,12
Feet Don't Fail Me Now,12
Let It Happen,12
すてきなメゾン feat. 玉城ティナ,12
だってアタシのヒーロー。,12
アップデート,12
"Annihilate (Spider-Man: Across the Spider-Verse) (Metro Boomin & Swae Lee, Lil Wayne, Offset)",12
Let Me Know (I Wonder Why Freestyle),12
Chand Sifarish,12
History Has Its Eyes on You,12
ピースサイン,12
Shada Shada Kala Kala,12
Doin' Time,12
夜に駆ける,12
"Black Night Town (From ""Naruto Shippuden"") [Piano]",12
Dynamite,12
Do I Wanna Know?,12
Ransom,12
BAE BAE,12
BANG BANG BANG,12
Yeh Vaada Raha,12
Flaming Hot Cheetos,11
Wildest Dreams (Taylor's Version),11
Nobody Knows,11
Perfect,11
Softly,11
Regular - English Version,11
Lay All Your Love On Me,11
Intro : Persona,11
Hope,11
Unlove,11
Upside down,11
LOVE DIVE,11
Go Ahead and Break My Heart (feat. Gwen Stefani),11
Style,11
Come & Go (with Marshmello),11
No Surprises,11
It Rains,11
"Sucker for Pain (with Wiz Khalifa, Imagine Dragons, Logic & Ty Dolla $ign feat. X Ambassadors)",11
Kiss Me More (feat. SZA),11
I ≠ DOLL,11
Sugarcoat (NATTY Solo),11
MIC Drop (Steve Aoki Remix) [Full Length Edition],11
Reckless,11
Washing Machine Heart,11
At My Worst,11
"How can I love the heartbreak, you're the one I love",11
Die For You,11
ASAP,11
Chains,11
What'd I Miss,11
A Whole New World (End Title),11
Let's not fall in love,11
Starving,11
A Girl Worth Fighting For,11
Confetti,11
Ms. Jackson,11
Cabinet Battle #1,11
Shogeki,11
8 Mile,11
That Would Be Enough,11
Silence,11
You're Cold,11
The 7th Sense,11
Forever Friends,11
CALL ME BABY,11
Hikaru Nara (Shigatsu Wa Kimi No Uso) [feat. Animelmack],11
Shinzo wo Sasageyo !,11
"Nightfall (From ""Naruto Shippuden"")",11
PLAYING WITH FIRE,11
Dream On,11
Black & White,11
"Chaka Chak (From ""Atrangi Re"")",11
Channa Mereya,11
End of Beginning,11
From The Start,11
Forever Young,11
more,11
Proshno,11
LION,11
Watermelon Sugar,11
The Exit,11
Party With A Jagaban,11
Ekta Gopon Kotha,11
The Weekend,11
Chorabali,11
Haule Haule,11
"In the Moonlight - From ""Modern Family""",11
Love Story (Taylor’s Version),11
History,11
New Soul,11
Obliviate,11
Perfect World,11
Romantic Sunday,11
Chasing hearts,11
Maniac,11
冬のはなし,11
Love To Hate Me,11
It's You,11
SAY YOU LOVE ME,11
Baarishein,11
Nice Colors,11
FOR,11
These Days,11
돌덩이,11
Do not touch,11
Remember Me (Lullaby),11
Está Dañada,10
Blueming,10
Lion Heart,10
Drama,10
Raabta (Kehte Hain Khuda Ne),10
Lean Wit Me,10
Someone To You,10
Lovesick,10
Nightmare,10
Crazy Over You,10
After LIKE,10
Perfect Night,10
Airplane pt.2 - Japanese ver.,10
Photo of My Mind,10
WITHOUT YOU,10
Slipping Through My Fingers - From 'Mamma Mia!' Original Motion Picture Soundtrack,10
Can't Control Myself,10
Want To,10
Silver Spoon,10
Fantasy,10
Shouldn't Couldn't Wouldn't,10
Came Here to Forget,10
Play Date,10
Amar Jaan,10
Let Go,10
Pools,10
Collide (feat. Tyga),10
Andekhi Anjaani,10
Creepin' (with The Weeknd & 21 Savage),10
No Boy No Cry,10
When You Love Someone,10
Pray For Me (with Kendrick Lamar),10
Seven (feat. Latto),10
Prem Ratan Dhan Payo,10
Wide Open (Foreword),10
Killin’ Me Good,10
Say Something,10
Boy in Luv,10
Save Your Tears,10
Samjhawan,10
Bad Romance,10
SUGAR,10
CHEER UP,10
"Banjaara (From ""Ek Villain"")",10
ICON,10
Yun Hi Chala Chal,10
Bashbo Bhalo,10
REALLY - Japanese Version,10
IDOL,10
Done For Me,10
dear katara,10
Best of Wives and Best of Women,10
Running Up That Hill (A Deal With God),10
Rules,10
Ruin,10
Glue Song,10
Koi Si,10
give it back,10
ETA,10
Not Afraid,10
Life Goes On,10
Noir 누아르,10
Page,10
Guren no Zahyou,10
It's On Again - From The Amazing Spider-Man 2 Soundtrack,10
Mama's Boy,10
DOWN (Juicy Juicy),10
Our Ascension,10
DICE,10
さよならごっこ,10
Curious,10
One Call Away,10
Earth Song,10
Sunshine,10
Swan Song,10
Sweet Chaos,10
ジュエリー (Prod. imase),10
Take a Break,10
Tear,10
ブラッドサーキュレーター,10
Teri Meri,10
The Color Violet,10
The Kiss,10
The Room Where It Happens,10
007 (feat. Syd),10
7 Years,10
Stay,10
Clocked Out!,10
99,10
A Billion Hits,10
Kalo Jole Kuchla Tole,10
Kamariya,10
Espresso,10
Drown,10
Aasan Nahin Yahan,9
Aankhein Khuli,9
"Aankh Marey (From ""Simmba"")",9
Cupid - Twin Ver.,9
"Living Life, In The Night",9
Creep,9
"Sunn Raha Hai (From ""Aashiqui 2"")",9
STAY,9
Super,9
APOLOGY,9
Shut Up and Dance,9
Dil Ne Yeh Kaha Hain Dil Se,9
Centuries,9
Pass The Dutchie,9
Consume (feat. Goon Des Garcons),9
Pasoori,9
Your Best American Girl,9
Chikni Chameli,9
actually,9
My Songs Know What You Did In The Dark (Light Em Up),9
Frankenstein,9
Goodbye Yellow Brick Road - Remastered 2014,9
Talkin’ About It (Feat. 24kGoldn),9
Francis Forever,9
A Little Messed Up,9
LILAC,9
Chaiyya Chaiyya,9
damn,9
"Chogada (From ""Loveyatri"")",9
Say My Name,9
I CAN'T STOP ME,9
7 rings,9
Enna Sona,9
Drunk-Dazed,9
All I Need,9
Stay Alive - Reprise,9
Burning Up (Fire),9
The Family Madrigal,9
Indigo Girl,9
The Great War,9
Nachde Ne Saare,9
HIGHEST IN THE ROOM,9
Empty,9
Bandit (with YoungBoy Never Broke Again),9
fever dream,9
Daylight,9
greedy,9
happier,9
Quiver - Extended,9
The Walls,9
hot girl bummer,9
The World Was Wide Enough,9
Butterfly,9
i swear i'll never leave again,9
Haru Haru,9
Big Bang,9
Tide,9
Bulleya,9
Timeless,9
It's On Again (feat. Kendrick Lamar) - From The Amazing Spider-Man 2 Soundtrack,9
GODS,9
Daydream (백일몽),9
right where you left me - bonus track,9
Rocketeer,9
Red Queen (feat. Zion.T),9
Nobody Like U,9
LOST IN PARADISE,9
Ainvayi Ainvayi,9
Dastaan - E - Om Shanti Om,9
UN Village,9
tired of california,9
worldstar money (interlude),9
Main Yahaan Hoon,9
Un Poco Loco,9
Ek Duje Ke Vaaste,9
BIRDS OF A FEATHER,9
Unstoppable,9
Again [Fullmetal Alchemist Brotherhood],9
Upside Down,9
Jopping,9
Nuestra Canción,9
Lag Ja Gale,9
Give It to Me,9
Smooth Criminal (Glee Cast Version) (feat. 2CELLOS),9
Mask Off,9
Glow Like Dat,9
"My War (From ""Attack on Titan"")",9
One Last Time,9
喚,9
ELEVEN,9
恋愛サーキュレーション,9
"Dekhte Dekhte (From ""Batti Gul Meter Chalu"")",9
Jao Pakhi Bolo Tare,9
Shape of You,9
春よ、来い,9
Mere Haath Mein,9
Just Keep Goin',9
NOBODY,9
Aashiq Banaya Aapne,9
Washington on Your Side,9
Kiss and Make Up,9
Wavin' Flag - Coca-Cola® Celebration Mix,9
MIDDLE CHILD,9
We Don't Talk About Bruno,9
Challa,9
We Know,9
Japanese Denim,9
Mr. Loverman,9
"Who Lives, Who Dies, Who Tells Your Story",9
"EYES, NOSE, LIPS",9
Woman,9
Hello?,9
Yeh Ladka Hai Allah,9
You Broke My Heart Again,9
You Make Me Back,9
You N' I,9
MOVIE STAR,9
Suicidal,8
Discord,8
Hayloft II,8
TORE UP,8
"Danger Zone - From ""Top Gun"" Original Soundtrack",8
TWIT,8
Take Me Away,8
Talking to the Moon,8
Danger,8
"Tere Bin (From ""Simmba"")",8
8TEEN,8
The Adams Administration,8
505,8
Chemtrails Over The Country Club,8
Hurricane,8
I Ain't Worried,8
2 soon,8
Mesytara,8
Blue Flame,8
Say No to This,8
Brand New City,8
"Tip Tip - From ""Lockdown""",8
If I Ain't Got You,8
Tony Montana,8
BTS Cypher Pt.3: Killer,8
Tu Meri,8
BTS Cypher Pt.2: Triptych,8
BTS Cypher 4,8
Havana (feat. Young Thug),8
Boy With Luv (feat. Halsey),8
Umbrella,8
Schuyler Defeated,8
Humko Humise Chura Lo,8
Dilliwaali Girlfriend,8
Duvet,8
...Baby One More Time,8
Viva La Vida,8
As It Was,8
Ilahi,8
Blessings,8
Waiting On A Miracle,8
Walk With Me,8
Ei Obelay (Lofi),8
War of Hormone,8
Dive with you (feat. eaJ),8
Kya Mujhe Pyar Hai,8
First Love/Late Spring,8
Sketch Book (It's Okay to Not Be Okay Opening Title),8
Ditto,8
Bad Habit,8
Hikaru Nara,8
Just Like Dat feat. JP THE WAVY,8
All I Want,8
the perfect pair,8
LET'S NOT FALL IN LOVE,8
Kabira,8
unravel,8
what i think of,8
What is Love?,8
كلام عينيه,8
Les,8
She Je Boshe Ache,8
I Want It That Way,8
Running Up That Hill (A Deal With God) - 2018 Remaster,8
Piano Man,8
Kids,8
I Know Him,8
gogobebe,8
ニッポン笑顔百景,8
Advice,8
goosebumps,8
ピースサイン - Peace Sign,8
Snow On Tha Bluff,8
Mayabee,8
Raabta,8
LIGHTSABER - Bonus Track,8
OMG,8
Fighting (Feat. Lee Young Ji),8
I Was Never There,8
aenergy,8
Abyss - from Kaiju No. 8,8
Proper Patola,8
Memory Lane - Demo,8
Noir,8
Meri Aashiqui,8
花が咲く道,8
Never Be Yours,8
Good bye-bye,8
Promise,8
Heathens,8
odds,8
The Great Mermaid,8
"Husn Parcham (From ""Zero"")",7
Ke Ache,7
FANCY,7
Welcome to Boston,7
Gulabi Aankhen,7
What It Is (Solo Version),7
FIANCÉ,7
La Cienega,7
"Agar Tum Mil Jao - From ""Zeher""",7
"Take My Breath Away - Love Theme from ""Top Gun""",7
Slipping Through My Fingers,7
I Really Want to Stay at Your House,7
Shut up My Moms Calling,7
"Tapa Tini (From ""Belashuru"")",7
"London Thumakda (From ""Queen"")",7
Cheri Cheri Lady,7
Collide (Solo Version),7
Alright,7
PILLOWTALK,7
Am I Wrong,7
Wrecking Ball,7
O Saathi,7
Heartbeat,7
Lat Lag Gayee,7
"Lo Safar (From ""Baaghi 2"")",7
That's What I Like,7
Around,7
You Belong With Me,7
It Took Me By Surprise,7
Señorita,7
"Nanairo Symphony (From ""Your Lie in April"") [Piano Arrangement]",7
The Election of 1800,7
Assassin's Creed IV Black Flag Main Theme,7
Dynamite - Tropical Remix,7
Attention,7
Kill This Love,7
The Hanging Tree,7
Killin' Me Good (English Ver.),7
Zoltraak,7
Set Fire to the Rain,7
Décalcomanie,7
The Reynolds Pamphlet,7
BOOMBAYAH,7
"Sanu Ek Pal Chain (From ""Raid"")",7
"Mozart / Arr. Grieg for Two Pianos: Piano Sonata No. 16 in C Major, K. 545 ""Semplice"": I. Allegro (Live)",7
Die For You (with Ariana Grande) - Remix,7
Die Trying,7
Die With A Smile,7
"Chuttamalle (From ""Devara Part 1"")",7
New Jeans,7
Diet Mountain Dew,7
Cinnamon Girl,7
Kabhi Khushi Kabhie Gham,7
Levitating,7
Love Sosa,7
INVU,7
Beggin',7
GUY.exe,7
Gangsta,7
Dil Se Re,7
"Ring Ding Dong - SHINee WORLD 3 Version, Live",7
Over 4 You,7
love you twice,7
Too Many Nights (feat. Don Toliver & with Future),7
Hall of Fame (feat. will.i.am),7
Black Rover,7
Remember the Name (feat. Styles of Beyond),7
Ghumao Tumi Ghumao,7
Regular - Korean Version,7
Diva (feat. Lil Tecca),7
"Tum Hi Ho (From ""Aashiqui 2"")",7
Tumse Milke Dil Ka,7
Love You Like A Love Song,7
Glad You Came,7
Glimpse of Us,7
Maula Mere Maula,7
GO UP - WINNER JAPAN TOUR 2018 〜We’ll always be young〜,7
In Silence,7
Bulletproof Love,7
Unforgettable,7
Unholy (feat. Kim Petras),7
Queendom,7
CLIMAX,7
Until I Found You,7
Me and Your Mama,7
みちしるべ,7
Promiscuous,7
DDU-DU DDU-DU - Remix,7
CROWN,7
Don’t Blame Me,7
V,7
Cabinet Battle #2,7
Mere Naam Tu,7
Poker Face,7
Okay Dokey,7
Call Me,7
Vivir Mi Vida,7
Maahi Ve,7
Voboghure Novoshchor,7
Can't Help Falling In Love,7
Graduation (with Juice WRLD),7
Grand Escape (Movie Edit) [feat. Toko Miura],7
People,7
Stitches,7
Kajra Re,7
Wake Up in the Sky,7
Cupid - Twin Version,7
火炎,7
Cham Cham,7
1-800-273-8255,7
3005,7
Stay With Me,7
Hard Carry,7
過 (Should've Let Go),7
Everybody Hurts,7
It's Quiet Uptown,7
달라달라 (DALLA DALLA),7
Aal Izz Well,7
Aankhon Se Batana,7
Don't Wanna Know,7
Dream,7
MORE,6
Sona Kitna Sona Hai,6
Obosheshe,6
MOLA,6
The Pink Song,6
The Rebirth - 인생은 즐거워,6
Blow Us All Away,6
Ghagra,6
Mama Cry,6
SUNSET,6
Overdose - Chinese Version,6
I GOT A BOY,6
Casual,6
NVMD,6
Bite Me,6
Drowning (feat. Kodak Black),6
You Never Know,6
Aami Haarte Raaji Noi,6
I Don’t Think I Can Do This Again (with Clairo),6
They Don't Care About Us,6
Stargirl Interlude,6
"Eve, Psyche & The Bluebeard’s wife",6
MOONLIGHT SUNRISE,6
Your Obedient Servant,6
Start a Riot,6
Zinda,6
Escape (The Pina Colada Song),6
Zombie,6
Mile Ho Tum (Reprise),6
Enemy (with JID) - from the series Arcane League of Legends,6
24K Magic,6
Titli,6
angel,6
Wasted (feat. Lil Uzi Vert),6
너라는 시 A Poem Called You (너라는 시),6
Too Cheez Badi Hain,6
RBB (Really Bad Boy),6
Come True,6
Touch You,6
Trance (with Travis Scott & Young Thug),6
Cold Water,6
Old Town Road,6
Trust Issues,6
Bezos I,6
Galaxy,6
Murder on My Mind,6
Mercy,6
golden hour - Fujii Kaze Remix,6
Hallelujah,6
Bye Bye Bye - From Deadpool and Wolverine Soundtrack,6
"Murder Song (5, 4, 3, 2, 1) - Acoustic",6
Mere Rashke Qamar,6
Munni Badnaam,6
UNFORGIVEN (feat. Nile Rodgers),6
ISLAND,6
FΛSHION,6
STEREOTYPE,6
STUPID IN LOVE (feat. HUH YUNJIN of LE SSERAFIM),6
"Dola Re Dola - From ""Devdas""",6
Die Very Rough,6
Kiss Me,6
Love On The Brain,6
Saree Ke Fall Sa,6
Glue Song (feat. Clairo),6
Radha,6
Diamonds,6
Save Your Tears (Remix) (with Ariana Grande) - Bonus Track,6
Ma Meilleure Ennemie (from the series Arcane League of Legends),6
Let You Down,6
Prison Song,6
Dheere Dheere Se Meri Zindagi Mein Aana,6
the way things go,6
Superman,6
BERMUDA TRIANGLE,6
Ranjha - Sid X Kiara Version,6
BAD BOY,6
Let You Break My Heart Again,6
Bonobibi,6
Heroine,6
Sexy,6
As the World Caves In,6
First Burn,6
Apology,6
Feel It - From The Original Series “Invincible”,6
Kukkad,6
LIKEY,6
Blueberry Eyes (feat. SUGA of BTS),6
テレフォン・ナンバー,6
Homage,6
Let Her Go,6
Teenage Dirtbag,6
Tell Me,6
I WANNA BE YOUR SLAVE,6
Jaane Dil Mein,6
OOH-AHH하게 Like OOH-AHH,6
OUT WEST (feat. Young Thug),6
光るなら,6
"Pinga (From ""Bajirao Mastani"")",6
Pied Piper,6
Goodbye Christmas - English Version,6
I See Fire,6
PAID MY DUES,6
West Coast,6
Headlock,6
What Else Can I Do?,6
Sky,6
NIGHTS LIKE THIS,6
Slow Down,6
Nonsense,6
Airplane,6
Con La Brisa,6
FULL HOUSE,6
FOREVER YOUNG - Japanese Version,6
Who,6
Sober,6
Dadvocate,6
Daredevil,6
Kaun Tujhe,6
Mixtape#1,5
XXL,5
Mixtape#2,5
My Song My Days,5
YOUNG & WILD,5
Ya Ana Ya Ana,5
NEW DROP,5
The Truth Untold (feat. Steve Aoki),5
Naina Da Kya Kasoor,5
No One Noticed,5
Not Like Us,5
Noya Daman,5
Nunca Es Suficiente,5
O Re Piya,5
OKAY,5
You Right,5
This Town,5
POETRY IN MOTION,5
Paint The Town Blue (from the series Arcane League of Legends),5
Paris,5
You're Welcome - Jordan Fisher/Lin-Manuel Miranda Version,5
Pirate King,5
Plans (feat. Vory),5
Renegade (We Never Run) (from the series Arcane League of Legends),5
Ride It (Kya Yehi Pyaar Hai) - Hindi Version,5
Ringa Linga,5
Zinda Rehti Hain Mohabbatein,5
To Ashes and Blood (from the series Arcane League of Legends),5
Road Not Taken,5
Roar,5
Romantic Homicide,5
Rover,5
Savage,5
Touch Me,5
Say So,5
Say Yes To Heaven,5
Come Play (from the series Arcane League of Legends),5
Scars To Your Beautiful,5
Senorita,5
Shake It Off,5
Shut up My Moms Calling (Sped up),5
Smack That,5
Something About You,5
fairy of shampoo,5
Something Big,5
19,5
Jenny from the Block (feat. Jadakiss & Styles P.) - Track Masters Remix,5
Energetic,5
Strawberries & Cigarettes,5
Entrance,5
A Brand New Day (BTS World Original Soundtrack) [Pt. 2],5
Sucker (from the series Arcane League of Legends),5
AFTER MOON,5
half of my heart,5
I Know - PR1SVX Edit,5
FLOWER,5
La La La,5
iSpy (feat. Lil Yachty),5
Ajab Si,5
All Eyes On Me,5
I Think They Call This Love,5
Alone,5
m.A.A.d city,5
Unwritten,5
Feather,5
Ambarsariya,5
Fight Song,5
Cognac Queen,5
Suzume,5
Suzume no Tojimari,5
seasons,5
Another Love,5
Apna Bana Le,5
I Wish You Love,5
Love The Way You Lie,5
Lotto,5
t r a n s p a r e n t s o u l feat. Travis Barker,5
Last Friday Night (T.G.I.F.),5
Hey Brother,5
TMT,5
Hey Mama!,5
BOUNCY (K-HOT CHILLI PEPPERS),5
I'm Not Racist,5
Haila Haila,5
"Bad Boy - English Version, Bonus Track",5
Friends,5
Kitty Cat (JULIE Solo),5
INDUSTRY BABY (feat. Jack Harlow),5
EMPTY - WINNER JAPAN TOUR 2018 〜We’ll always be young〜,5
Love,5
Dil Laga Na,5
Believer,5
"Gali Gali (From ""Kgf Chapter 1"")",5
Lies,5
Blood Sweat & Tears (from the series Arcane League of Legends),5
Juice,5
Bole Chudiyan,5
Bonfire,5
We Are Bulletproof Pt.2,5
Break Free,5
Like Him (feat. Lola Young),5
Don't,5
We Will Rock You - Remastered 2011,5
Into It,5
Can't Feel My Face,5
That’s So True,5
Gotta Go,5
Intro: Singularity,5
Homicide,5
Lilabali,5
Chale Chalo,5
LET THE WORLD BURN (with G-Eazy & Ari Abdul) - Remix,5
Cheerleader - Felix Jaehn Remix Radio Edit,5
When I Grow Up,5
Chiquitita - Spanish Version,5
"Whenever, Wherever",5
올해 제일 잘한 일 The Best Thing I Ever Did,5
Honeypie,5
Chronosaurus,5
HOLUP!,5
这样很好 (Isha's Song) (from the series Arcane League of Legends),5
HOT,5
HOT TO GO!,5
Magnetic,5
"Mary, Did You Know?",5
Matsuri,5
Mile Ho Tum,5
Mind Over Matter (Reprise),5
DARK ARIA <LV2>,5
Outro,4
Just the Way You Are,4
Guzarish,4
Character Dheela,4
"Sajna, Say Yes To The Dress",4
We Will Rock You,4
POWER,4
PRIDE.,4
Take a Rest,4
Talk that Talk,4
Backburner,4
Wedding,4
Newsflash!,4
Sanam Re,4
Manjha,4
Wham Bam Shang-A-Lang,4
Sweetheart,4
Grrr 총량의 법칙,4
Telephone Number,4
Oviman,4
Chalte Chalte,4
당돌한 여자,4
Freak,4
Parado no Bailão,4
TAKE,4
KEHLANI (REMIX) [feat. Kehlani],4
"Part of Your World - From ""The Little Mermaid""/Korean Soundtrack Version",4
딱 좋아(Just right),4
THANKS,4
Chale Jaise Hawaien,4
LET THE WORLD BURN,4
"Chahun Main Ya Naa (From ""Aashiqui 2"")",4
Pay My Rent,4
Where'd All the Time Go?,4
Last Christmas,4
Long Flight,4
The Chain - 2004 Remaster,4
DARARI,4
LATATA,4
Dhoom Again,4
Phir Milenge Chalte Chalte,4
"Say ""Shava Shava""",4
Where You Are,4
Into the Unknown,4
Formula,4
No. 1 Party Anthem,4
Apocalypse,4
Pink Venom,4
Who You Are,4
BLOOD.,4
The Line (from the series Arcane League of Legends),4
"Daddy Cop (From the TV Show ""The Rookie"")",4
Lullaby - Spanish Version,4
BET BET,4
Please Please Please,4
Dynasty,4
BANDIT,4
The Search,4
With You,4
California (feat. Jackson Wang & Warren Hue) - [Remix],4
Love Me Now,4
Selene,4
Pretty Savage,4
The Way I Are,4
YAH.,4
Jolene (feat. Dolly Parton),4
For the Win,4
Good Goodbye,4
Therapy Session,4
Hold me,4
Promaad Swapno,4
Ya Adheeman,4
They Don't Care About Us - Remastered Version,4
Nobody,4
This Is What You Came For,4
Good Days,4
Lullaby - English Version,4
Those Eyes,4
Shameless,4
You're My Love,4
By My Side (feat. Kaash Paige),4
In the Name of Love,4
Anaheim,4
Always Rising,4
London Thumakda,4
Tiramisu Cake,4
"Hallelujah - From ""Sing"" Original Motion Picture Soundtrack",4
Hello,4
DtMF,4
I Think About You,4
Mixtape#4,4
Side Effects,4
bellyache,4
beside you,4
Imagine,4
Fall In Love Alone,4
Fake Love - Orchestral Version,4
Triggered (freestyle),4
Bones,4
"Kabhi Khushi Kabhie Gham - Sad Version, 2",4
Life Of The Party,4
"Tu Cheez Badi Hain (From ""Mohra"")",4
Bol Na Halke Halke,4
Heavy Is The Crown (Original Score) (from the series Arcane League of Legends),4
Redbone,4
euphoria,4
Ho Gaya Hai Tujhko To Pyar Sajna,4
favorite crime,4
Snapping,4
Snooze,4
Heaven,4
FEARLESS (2023 Ver.),4
Softcore,4
Dionysus,4
F&MU,4
Uh-Oh,4
Heather,4
Mixtape#3,4
Missing You,4
hotline (edit),4
Kaun Tujhe (Armaan Malik Version),4
Blank Space,4
Humming For Death,4
labour,4
Soni Soni,4
Heartbeat (BTS World Original Soundtrack),4
Bitter Sweet Symphony - Remastered 2016,4
Until I Found You - Piano Version,4
Dream Glow (BTS World Original Soundtrack) - Pt. 1,4
Not Strong Enough,4
I Feel It Coming,4
"Gerua (From ""Dilwale"")",4
Uptown Girl,4
ANTHEM,4
Evergreen (You Didn’t Deserve Me At All),4
I Don't Mind (feat. Ben Chandler),4
A Night To Remember,4
Ve Kamleya,4
Emperor's New Clothes,4
Матушка,4
Victory Song,4
พี่ชอบหนูที่สุดเลย,4
Miracle,4
Oceans & Engines,4
Koi Mil Gaya,4
Gandi Baat,4
Off To Sea,4
Oh My Darling,4
Mess,4
Betcha,4
GOTTA BE YOU,4
LOCO,4
DEAR BREEZE,4
Old Town Road (feat. Billy Ray Cyrus) - Remix,4
Old Town Road - Remix,4
Little Dark Age,4
Sun Saathiya,4
Beat It,4
Be as ONE (Korean Version),4
Be as ONE (Korean Ver.),4
Warriors,4
ELEMENT.,4
Once Again,4
Sunn Raha Hai (Female Version),4
Jab Koi Baat - Recreated,4
Don't Stop Me Now - Remastered 2011,4
Maze of Memories,4
Otaku Hot Girl,4
Surface Pressure,4
It's Gonna Be Me,3
It Girl,3
Take A Chance With Me,3
Night Changes,3
Pachamama,3
Chand Sitare,3
Taste,3
Team Tomodachi,3
Team Tomodachi Gals,3
Pairon Mein Bandhan Hai,3
Chalte Chalte (Part-2),3
Pandemonium,3
Chaleya,3
Tera Ghata,3
"Tere Vaaste (From ""Zara Hatke Zara Bachke"")",3
Party On My Mind,3
Is There Someone Else?,3
Can't Love You Anymore (With OHHYUK),3
Phantom Liberty,3
Hum to Dil Se Haare,3
The First Love,3
Into the New World (Ballad Version),3
Goodbye,3
Có Ai Thương Em Như Anh,3
The Less I Know The Better,3
Na Ja,3
Play With Me,3
Plot Twist,3
Into The New World 다시만난세계 (Originally Performed By Girls' Generation 소녀시대) [Karaoke Version],3
Ponpon Shit - Guitar Version,3
Like That,3
"The Way I Feel Inside - From ""Sing"" Original Motion Picture Soundtrack",3
Holla Holla,3
The Winner Takes It All,3
CLIMAX < TEAM B>,3
This Is How It Feels (with Laufey),3
CARNIVAL,3
Purple Lamborghini (with Rick Ross),3
"Ek Do Teen (From ""Baaghi 2"")",3
Bubblegum Bitch,3
Love Me,3
RHYTHM TA,3
Love Like You (feat. Rebecca Sugar) - End Credits,3
Go Higher,3
Raanjhanaa,3
"Love Is an Open Door - From ""Frozen""/Soundtrack Version",3
Cupid,3
Do Pal,3
Rap God,3
Born To Die,3
Doughnut,3
Tujhe Dekha To,3
Bohemian Rhapsody - Remastered 2011,3
"Tum Hi Ho (From ""Aashiqui 2)",3
Tum Se Hi,3
Kuch Kuch Hota Hai,3
Blueberry Faygo,3
Ghost,3
Blinding Lights,3
Ultraviolence,3
Reminder,3
Daddy Issues,3
Blind,3
Revolting Children,3
Hayloft,3
Get You (feat. Kali Uchis),3
Ring Ding Dong,3
Get Up,3
No Role Modelz,3
Jashn-E-Bahaaraa,3
Rockabye (feat. Sean Paul & Anne-Marie),3
"Bin Tere Sanam (From ""Yaara Dildara"")",3
Rolling in the Deep,3
Valobashbo Bashbo Re - Version 1,3
Husn,3
Victorious,3
Gangsta's Paradise,3
Colors of the Wind,3
DALLA DALLA,3
WA-R-R,3
WANNABE,3
Dreamer,3
Behind The Moon Shadow,3
S-Class,3
"IT G MA REMIX (feat. A$AP Ferg, Father, Dumbfoundead, Waka Flocka Flame)",3
SHOOT!,3
SIGNAL,3
GO UP <TEAM A>,3
Judas,3
Kabhi Khushi Kabhie Gham - Sad Version -1,3
Bambi,3
EASY,3
From the Subway Train,3
We Didn't Start the Fire,3
Badtameez Dil,3
"Badri Ki Dulhania (Title Track) [From ""Badrinath Ki Dulhania""]",3
Cry For Love,3
Back from the Edge,3
What Do You Mean?,3
Didi Tera Devar Deewana,3
Saturn,3
"What Was I Made For? [From The Motion Picture ""Barbie""]",3
What You Waiting For,3
Nights Like This (feat. Ty Dolla $ign),3
After School,3
favorite,3
Austin (Boots Stop Workin'),3
Fly Up (Feat. Door) - Concert Version,3
four,3
I am YOU,3
Adios,3
Dus Bahane,3
Are Hi,3
Crush,3
"You Can Come to Me - From ""Austin & Ally""",3
Crazy Kiya Re,3
You Get Me So High,3
BIRTHDAY,3
Flashing Lights,3
She Bad (feat. Sj3),3
KEHLANI,3
i'm yours,3
I Want To Break Free - Remastered 2011,3
Eye of the Tiger,3
Filter,3
Honor To Us All,3
Song: Dola Re,3
Soni De Nakhre,3
Another One Bites The Dust - Remastered 2011,3
BUTTERFLY EFFECT,3
Wild Flower (with youjeen),3
Karone Okarone,3
Space Cadet (feat. Gunna),3
Sparkle - Original Version,3
Hurt,3
Lean On,3
Spell,3
"How Far I'll Go - From ""Moana""",3
ASHOR,3
Young And Beautiful,3
Young Black & Rich,3
Lover,3
ALICE,3
Money Trees,3
White Girl,3
House of Memories,3
500lbs,3
I Bet on Losing Dogs,3
3D (feat. Jack Harlow),3
I Am The Best,3
Haircut,3
Late Night Talking,3
Dancing In The Rain,3
Cool for the Summer - Sped Up (Nightcore),3
Shoot Out - English Version,3
Dance The Night - From Barbie The Album,3
When I Was Your Man,3
Miss Korea,3
Into the New World,3
Show Me How,3
Obosthan,3
Shut Down,3
Subhanallah,3
Zinda Rehti Hain Unki Mohabbatein,3
BAD MAMA JAMA,3
Heeriye (feat. Arijit Singh),3
Wrecking Ball - The Voice Performance,3
OHMAMI - With Maggie Lindemann,3
Fantasize (Cover),3
All Girls Are The Same,3
Lost in the Dream,3
Summer High,3
Little Drummer Boy,3
Jinx,3
When I'm Gone,3
Cookie,3
Baarish Lete Aana,3
Me Gustas Tu,3
I’M OK,3
Sunny Day,3
"King's Dead (with Kendrick Lamar, Future & James Blake)",3
Heart Attack,3
Mary On A Cross,3
cardigan,3
Suraj Hua Maddham,3
I Love You,3
Marlboro Nights,3
Out of Time,3
"Ajab Si (From ""Om Shanti Om"")",3
Habits (Stay High),3
Setting Up the Lair,3
Why This Kolaveri Di? - The Soup of Love,3
Overdose,3
Mamushi (feat. Yuki Chiba),3
dimple,3
Airplanes (feat. Hayley Williams of Paramore),3
LO QUE LE PASÓ A HAWAii,3
Switchblade,3
ONE CALL,3
ecstacy (slowed),3
Ain't No Mountain High Enough,3
For You,3
DUCKWORTH.,3
THE GIRLS - BLACKPINK THE GAME OST,3
Lovesick Girls,3
Obsession,2
Candy,2
LEGO Ninjago The WEEKEND WHIP,2
Often,2
Sweet Dreams (Are Made of This) - Remastered,2
Sweet Night,2
Cat & Dog,2
Oh my god,2
Love Of My Life,2
Old Love,2
"Ishq Jaisa Kuch (From ""Fighter"")",2
Chanda Chamke,2
Guerrilla,2
Omae Wa Mou,2
THE REBEL PATH (From Cyberpunk 2077),2
Change,2
TOMBOY,2
Isochronic Tones - Pure Gamma Waves,2
Cheshire,2
Chicken Noodle Soup (feat. Becky G),2
"HALA HALA (Hearts Awakened, Live Alive)",2
One Two Three Four (Get On The Dance Floor),2
Oops!...I Did It Again,2
Open Arms (feat. Travis Scott),2
Ophelia,2
"Taki Taki (feat. Selena Gomez, Ozuna & Cardi B)",2
"Or Nah (feat. The Weeknd, Wiz Khalifa & DJ Mustard) - Remix",2
HELL IN HEAVEN,2
City In Ruin,2
"Closer (with Paul Blanco, Mahalia)",2
Out of My League,2
Taweel Al Shawq,2
Teacher's Pet,2
Team,2
Hakuna Matata,2
It's so Creamy,2
Outro: Tear,2
Outside,2
Teenage Dream,2
Tek It - Sped Up,2
It's the Time to Disco,2
Collide (Sped Up Remix),2
Hallway Weather,2
Tell Me It's Not a Dream,2
Tell Ur Girlfriend,2
Hands Behind My Back,2
"Oviman - From "" Best friend 3""",2
Come Get Her,2
Come Inside Of My Heart,2
PAiNT it BLACK,2
Tere Bina,2
LOT OF ME,2
Tere Naina,2
"Tere Naina (From ""My Name Is Khan"") - Instrumental",2
Tere Vaaste,2
Happy,2
MIDDLE OF THE NIGHT,2
Teri Meri Kahaani,2
Teri Ore,2
Coming Alive,2
POP!,2
POP/STARS,2
Happy Hours,2
Jaane Nahin Denge Tujhe,2
Cool With You,2
Lips on Lips,2
The Boys,2
The Call,2
Pain,2
Hard Times,2
The Courier,2
The Day Lofi (My Hero Academia),2
Hard to Love,2
LOVE FOOLISH,2
Jailhouse Rock,2
Pal Pal Har Pal,2
The Feels,2
Palat - Tera Hero Idhar Hai,2
The Glade Part II,2
Hatchback,2
Jao Pakhi,2
The Greatest Show,2
Paper Rings,2
Crying Over You ◐ (feat. RM & BEKA),2
Have You Ever Seen The Rain,2
Cà Phê,2
Part of Your World,2
D (Half Moon),2
The Nearness of You - Live at The Symphony,2
The Other Side,2
Party Monster,2
Party O'Clock,2
"Jeena Jeena (From ""Badlapur"")",2
Jeene Laga Hoon,2
Dance Like A Chammiya,2
Dance The Night,2
Dancing Queen,2
The Sign,2
Dancing with the Devil,2
Pehla Nasha,2
Dangerous Woman,2
Little Prince (feat. NIKI),2
Dard - E - Disco,2
Hectic (with Colde),2
Phantom,2
Dead To Me,2
Phenomenal,2
Deewana Hai Dekho,2
Deja Vu,2
There Is a Light That Never Goes Out - 2011 Remaster,2
Dekha Tenu - Trending Version,2
Dekha Tenu Pehli pehli,2
"Dekhha Tenu (From ""Mr. And Mrs. Mahi"")",2
Pinga,2
This Game Lofi (No Game No Life),2
Delicate,2
Pink + White,2
Join Us for a Bite,2
This Side of Paradise - slowed,2
Dernière danse,2
Pity Party,2
Piya Aaye Na,2
Here Comes The Sun - Remastered 2009,2
Plastic Love,2
Lobster,2
Despacito - Remix,2
Timeless (feat Playboi Carti),2
Timeless (with Playboi Carti),2
Tinnitus (Wanna be a rock),2
Hey Daddy (Daddy's Home),2
Joto Bhul by Tahsan,2
"Dhindhora Baje Re (From ""Rocky Aur Rani Kii Prem Kahaani"")",2
Tired,2
Pokémon Theme Lofi,2
Diamonds + And Pearls,2
High Fashion (feat. Mustard),2
Popular (with Playboi Carti & Madonna) - From The Idol Vol. 1 (Music from the HBO Original Series),2
Pray For Me,2
Journey (Ready to Fly),2
Dil Diyan Gallan,2
MANIAC,2
Dil Dooba,2
Toxic,2
Princess Mononoke Lofi (The Legend of Ashitaka),2
Locked out of Heaven,2
Highway to Heaven - English Version,2
Highway to Hell,2
Promentory,2
Ladki Badi Anjani Hai,2
Try Everything,2
Ho Gaya Hai Tujhko to Pyar Sajna,2
Tu Jaane Na,2
Ho Hey,2
"Tu Meri (From ""Bang Bang"")",2
Doctor,2
Psycho,2
Love to Keep Me Warm,2
Pyaar Ki Ek Kahani,2
Queen of France,2
Don't Know You,2
Honey,2
"Tum Tum (From ""Enemy - Tamil"")",2
"Tum Tum (From ""Enemy"")",2
Tumhe Jo Maine Dekha,2
Quiver,2
Don't light my fire,2
Love's Battery,2
Look What You Made Me Do,2
K-TOWN,2
REWIND,2
KAZINO,2
RIDE ON TIME,2
RUN,2
Hotel Amour,2
Under Pressure - Remastered 2011,2
Hotline Bling,2
House Of Balloons / Glass Table Girls,2
Unforgettable - Remix,2
Drive On,2
Radha Kaise Na Jale,2
Radioactive,2
Rainy Days,2
Raise y_our glass,2
"Rangtaari (From ""Loveyatri"")",2
Last Summer Whisper,2
Up & Down,2
LoveGame,2
How Far I'll Go - Reprise,2
Dynasties & Dystopia (from the series Arcane League of Legends),2
Hua Hain Aaj Pehli Baar,2
Usseewa,2
EVERYTHING,2
VILLAIN,2
Real Man,2
"Kaho Naa Pyar Hai, Pt. 1",2
Vacation,2
Valentine,2
Eclipse,2
Vanessa's Trick,2
Lose Control,2
Verbatim,2
Kaise Mujhe,2
Kaisi Paheli Zindagani,2
Ek Pal Ka Jeena,2
MOMMAE (Feat. Ugly Duck),2
Ekhon Onek Raat - Lofi Remix,2
#Twenty,2
MORE & MORE,2
Remember me,2
Voices,2
W.D.Y.W.F.M?,2
0X1=LOVESONG (I Know I Love You) feat. Seori,2
1986年のマリリン,2
WANT,2
WE WERE,2
Renegade,2
WHO DO U LOVE?,2
WILDFLOWER,2
Elk Hunt,2
Empire State Of Mind,2
WONDERLAND,2
Wait a Minute!,2
Returning Home / Scars,2
Lovebug,2
Rewrite The Stars,2
Kalank - Title Track,2
Made For Me,2
8,2
Mahiye Jinna Sohna,2
Epilogue: Young Forever,2
Kaleidoscope,2
"Main Koi Aisa Geet Gaoon (From ""Yes Boss"")",2
Main Rang Sharbaton Ka,2
Main Title,2
Lovely,2
Still Life (with Anderson .Paak),2
Watchman (Original Television Soundtrack) Pt.1 - Amen (feat. Jenyer),2
Make my story,2
A New Kind Of Love - Demo,2
Est-ce que tu m'aimes ? - Pilule bleue,2
We Are,2
APT.,2
We Are The Champions - Remastered 2011,2
Kar Gayi Chull,2
Lean on me,2
Royals,2
Karma's A Bitch,2
Marjaani,2
"Kaun Tujhe (From ""M.S.Dhoni - The Untold Story"")",2
Run BTS,2
Wedding Nasheed,2
Wedding Nasheed - Muffled,2
Running Man Challenge Song,2
Wellerman - Sea Shanty,2
Marvin Gaye (feat. Meghan Trainor),2
FACE,2
What Can I Do,2
FEEL.,2
Afreen Afreen (Coke Studio Season 9),2
After Hours,2
"Mast Magan (From ""2 States"")",2
I Know The End,2
I Know What You Did Last Summer,2
Mauja Hi Mauja,2
Ah Yeah!! - 2020 Remaster,2
Maula Ya Salli Wa Sallim,2
Fagun Haway Haway,2
Mayabono Biharini,2
Whatever It Takes,2
Ainsi bas la vida,2
Mayonaka no Door / Stay With Me - Club Mix,2
Legends Never Die,2
Me And My Broken Heart,2
When you love someone,2
Saajanji,2
Falling Behind,2
Sacrifice (Eat Me Up),2
Sad Humming,2
Sadi Gali,2
Alcohol-Free,2
Alibi (with Pabllo Vittar & Yseult),2
Who I Am,2
Saiyaara,2
I Love You So - Acoustic,2
Who’s Afraid of Little Old Me?,2
Salaam-E-Ishq,2
"I Love You, I'm Sorry",2
Mehndi Laga Ke Rakhna,2
"Mehndi Laga Ke Rakhna (From ""Dilwale Dulhania Le Jayenge"")",2
Faltu Pyar,2
Memories,2
Wildest Dreams,2
I Rise,2
Mera Dil Tere Liye,2
Wings,2
All Night,2
Without You,2
Without You (Feat. ROSE),2
Lovin' Me,2
Work,2
"Mere Khwabon Mein (From ""Dilwale Dulhania Le Jayenge"")",2
Mere Mehboob Qayamat Hogi,2
"I See the Light - From ""Tangled"" / Soundtrack Version",2
"Mere Naam Tu (From ""Zero"")",2
All We Got (feat. Kanye West & Chicago Children's Choir),2
All about you,2
Fast Forward,2
Father Figure - Remastered - featured in 'Babygirl',2
MILLIONS,2
Ya Ummi,2
Allergy,2
"Ye Ishq Hai (From ""Jab We Met"")",2
Say Yes To Heaven - Sped Up,2
Kho Gaye,2
Yellow (feat. Bekon),2
"Yes or No (Feat. 허윤진 of LE SSERAFIM, Crush)",2
Always Be There - Vocals Only Version,2
You & Me,2
You Are My Soniya,2
American Pie,2
Secret,2
See Tình - Cukak Remix,2
You Don't Own Me (feat. G-Eazy),2
I Wanna Be,2
Khuwahish,2
Fern’s Magic,2
Fevicol Se,2
Angel Baby,2
Five Years,2
You and I,2
Sensitive,2
I Wonder,2
Are You Bored Yet? (feat. Clairo),2
Set Me Free Pt.2,2
Are You Satisfied?,2
You're the Best Around,2
I Wouldn't Mind,2
Seven (feat. Latto) (Explicit Ver.),2
Flowers by the Door,2
"Sex, Drugs, Etc. - Sped Up Version",2
Fly With Me,2
Your Eyes,2
"I miss you, I’m sorry",2
Yun (with Erykah Badu),2
Moho,2
Zimzalabim,2
Molly,2
Mon Mojaiya,2
Astronomy,2
Let Me Out,2
Kill Bill - Sped Up Version,2
Atlantis,2
Autumn,2
Shelf,2
Shhh,2
For Lovers,2
For Ya,2
bandaids,2
Mr. Brightside,2
Shinzou Wo Sasageyo! (Attack On Titan),2
blessing in disguise,2
Shirt,2
Avijog,2
"For the First Time in Forever - From ""Frozen""/Soundtrack Version",2
change ur mind,2
could you love me while i hate myself,2
BABYDOLL,2
Muhammad Nabina,2
"I'll Make a Man Out of You - From ""Mulan""/Soundtrack",2
Shouldn't Couldn't Wouldn't - Acoustic Version,2
die first,2
BE I,2
don't miss me,2
Show Yourself,2
BETTER,2
dying on the inside,2
Fort Battle,2
King Kunta,2
My Favourite Clothes,2
BULLET TO THE HEART,2
Baarish,2
Baby,2
I'm Happy,2
I'm Just Ken,2
forwards beckon rebound,2
Sing For The Moment,2
My Soldiers Rage,2
Kings & Queens,2
Back To Black,2
Skyfall,2
golden hour - Ruel Remix,2
Bad Blood,2
Bad Girl Good Girl,2
Bad Girls,2
Bad News,2
"I'm Still Standing - From ""Sing"" Original Motion Picture Soundtrack",2
Smells Blood,2
Low,2
"i hate u, i love u (feat. olivia o'brien)",2
i like the way you kiss me,2
Bags,2
"I'm the One (feat. Justin Bieber, Quavo, Chance the Rapper & Lil Wayne)",2
Nagada Nagada,2
idontwannabeyouanymore,2
if u think i'm pretty,2
Loud Noise to Find AirPods,2
So High,2
Bam Yang Gang,2
love nwantiti (ah ah ah),2
Nainowale Ne,2
"Najaa (From ""Sooryavanshi"")",2
I.L.Y.,2
Soldiers of Allah,2
medicated.,2
moonchild,2
Bang Bang,2
Somebody To Love - Remastered 2011,2
Baraka Allahu Lakuma - Vocals Only Version,2
my fault,2
newbury park,2
"nobody believes in you, you lost again and again and again",2
Somethin' Stupid,2
on ur mind,2
Knives and Pens,2
Never Ever,2
Never Gonna Come Down,2
rocket science,2
Never Lose Me,2
Beautiful,2
GO HARD,2
Before,2
Liberated,2
Gallan Goodiyaan,2
"Galliyan Returns (From ""Ek Villain Returns"")",2
teenage dream,2
Low Life (feat. The Weeknd),2
Gee,2
Nikes,2
Kokoronashi,2
this is what falling in love feels like,2
Get Cool,2
tonight,2
ME JALO,2
untitled 07 | 2014 - 2016,2
Spicy,2
Black Mamba,2
we can't be friends (wait for your love),2
we fell in love in october,2
Spring (feat. Sandara Park),2
No Broken Hearts (feat. Nicki Minaj),2
¿Porqué te vas?,2
No Cap (feat. Rich The Kid),2
No Lie,2
No Love,2
"Ghalat Fehmi - From Super ""Superstar""",2
Ghalat Fehmi From 'Superstar',2
Started From the Bottom,2
Blue Flame (2023 Ver.),2
アイム・ア・ビリーバー,2
Static,2
If There's Nothing Left...,2
"Ghungroo (From ""War"")",2
Gilded Lily,2
Bomb Bomb,2
Bon Bon Chocolat,2
Step Back!,2
Bonde Maya Lagaichhe,2
Kun Faya Kun,2
Boss Bitch,2
Kung 'Di Rin Lang Ikaw,2
Boy's a Liar,2
Nonsense Ki Night,2
Boyfriend,2
Stranger Things,2
Not Around,2
二十歳の恋,2
Street by Street,2
Given-Taken,2
Gobhire,2
Bubble Gum,2
Bunny Girl,2
God Rest Ye Merry Gentlemen,2
Numb Little Bug,2
In The Stars,2
死ぬのがいいわ,2
God Rest Ye Merry Gentlemen (Epic Version),2
Nyanpasu (Rynti M Remix),2
O Maahi,2
O Mere Dil Ke Chain,2
Kya Mujhe Pyaar Hai? - Lofi Mix,2
Like I Do,2
ODD FUTURE,2
踊り子,2
CHEERS,2
Good For You x One Of The Girls,2
Good Graces,2
ONE AND ONLY (B.I SOLO),2
Sunsetz,2
Love Me Not (feat. Rex Orange County),2
Good Looking,2
LALALA,2
OTL,2
Call Me Maybe,2
Call Out My Name,2
Can't Help Falling in Love,2
Like the Movies,2
하드캐리 Hard Carry,2
Kaikai Kitan (Jujutsu Kaisen),1
Kal Ho Naa Ho - Sad,1
Kam Tashtaki,1
Kamu Yang Kutunggu,1
"Kannamma - From ""Ispade Rajavum Idhaya Raniyum""",1
Karma,1
Karma - Skit,1
Karma Police,1
Karon,1
Kasoor,1
"Kawaki wo Ameku (From ""Domestic na Kanojo"")",1
Ke Bashi Bajay Re,1
Keep Going,1
Keep Running,1
Keep Showing Up (Motivational Speech),1
Keep Ya Head Up,1
Keeping Tabs,1
"Kessen Spirit (From ""Haikyuu!!: To the Top"")",1
Khalash,1
Khuda Aur Mohabbat (Original Score),1
Khudaya Khair,1
Khushiyan Aur Gham,1
Khwaab,1
Khwab Dekhe Sexy Lady,1
Khwaja Mere Khwaja,1
Ki Nesha - Unplugged,1
Kilby Girl,1
Kill Bill (feat. Doja Cat),1
Killer Queen - Remastered 2011,1
Killin' On Demand,1
Kingpin,1
Kinna Chir,1
Kiss Me More - Japanese Version,1
Kiss the Girl - Remastered 2014,1
Kitty Kat,1
Knock Knock,1
Know Better,1
Kodom,1
KokoroToIuNaNoFukakai,1
Komi Can't Communicate But It's Lofi,1
Komola,1
Kothar Majhe,1
Krishnokoli,1
Kuch Kuch Hota Hai - Sad,1
Kung Fu Fighting,1
Kung Fu Panda: Oogway Ascends - Orchestra Version - Live,1
Kura Kura,1
Kurchi Madathapetti,1
"Kya Hua Tera Vada (From ""Hum Kisise Kum Naheen"")",1
Kya Mujhe Pyaar Hai (LoFi),1
Kya Mujhe Pyaar Hai - Lofi KK,1
Kya Mujhe Pyaar Hai - Lofi Version,1
"Kya Mujhe Pyar Hai (From ""Woh Lamhe"")",1
Kya Mujhe Pyar Hai Lofi Mix,1
Kyon Hawa,1
Kyouran Hey Kids!!,1
L.A. Baby (Where Dreams Are Made Of),1
L.I.E,1
LABOUR - the cacophony,1
LALALAY 날라리,1
LEFT RIGHT,1
LEGO Ninjago: After the Blackout,1
LEO,1
LET IT OUT(album version),1
LET’S NOT FALL IN LOVE,1
LEveL,1
LL Cool J,1
LMLY,1
LOST HEAVEN,1
LOTTO (Feat. Geegooin) - Remix,1
LOVE COUNTDOWN (Feat. Wonstein),1
LOVE LOOP,1
LOVE YA!,1
LOVE is,1
LOVE. FEAT. ZACARI.,1
LUST.,1
"La Copa de la Vida (La Cancion Oficial de la Copa Mundial, Francia '98) - Spanglish Radio Edit",1
La La La (Brazil 2014) (feat. Carlinhos Brown),1
La La Thahsab,1
La Lune,1
La Tierra del Pan y del Café,1
La Vie en Rose,1
Labon Ko,1
Labyrinth,1
Ladies Hit Squad,1
Lady Sings the Blues,1
Lahu Munh Lag Gaya,1
Laid-back Backdrops for May Days,1
Lamberghini,1
Lambiya Judaiyan,1
Landscape With a Fairy,1
Last Call,1
Last Minute,1
Last Resort,1
Last Sequence,1
Last Time (feat. Snoh Aalegra),1
Lavender Haze,1
Lawless,1
Lazy Susan (with Rich Brian feat. Warren Hue & Masiwei),1
Le Festin,1
Le Gayi,1
Le Monde,1
Lean on me (Instrumental),1
Leave You Alone,1
Leaving Los Feliz (feat. Kevin Parker),1
Left to Right,1
"Leke Pehla Pehla Pyar (From ""C.I.D.'')",1
Lenny the Great,1
Les Aventures de TINTIN,1
Lesson on Counting,1
Let Me Love You (feat. Chris Crone),1
Let You Break My Heart Again - Live at The Symphony,1
Letter To My 13 Year Old Self,1
Letting Go,1
Levitating (feat. DaBaby),1
Lie 2 Me,1
Lie To Me (feat. Julia Michaels),1
Life Is Still Going On,1
Light Em Up,1
Light It Up,1
Light Surgery,1
Lights - Sped Up Version,1
Lights On,1
Lights on Red,1
Like A Rose (Vocals Only),1
Like Crazy (English Version),1
Like Ooh-Ahh,1
Like Strangers Do,1
Like This,1
Like Toy Soldiers,1
Lil Secret,1
Lily of The Valley,1
Line,1
Line Without a Hook,1
Link,1
Lip & Hip,1
Liquor Store Blues (feat. Damian Marley),1
Lithonia,1
Livin' On A Prayer,1
Living Life In The Night,1
Loca (feat. Dizzee Rascal),1
Loca (feat. El Cata),1
Location,1
London 2166 / Set a Course,1
Loneliness (Naruto),1
Lonely Time,1
Long Gone,1
Looking at Me,1
Lose It (In The End),1
Lose You,1
"Loser, Baby",1
Loss and Regrets,1
Lost Without U,1
Lost Woods,1
Lost and Found,1
Lost in the Fire (feat. The Weeknd),1
Lost in the Woods - Weezer Version,1
Lotus,1
Love Again,1
Love Bump,1
Love Flew Away,1
Love For You,1
Love Lee,1
Love Me Again,1
Love Me Back,1
Love Me Back (Fayahh Beat),1
Love Me Like This,1
Love Mera Hit Hit,1
Love Sosa Lofi,1
Love Talk,1
Love Was Really Gone - 2018 Remaster,1
Lover (Don't Let Me Down),1
Lovers Rock,1
Loving You,1
Loyalty,1
Lucky Girl,1
Lucky You (feat. Joyner Lucas),1
Lucky for Me,1
Lungi Dance,1
MATUSHKA ULTRAFUNK,1
MAYBE,1
MAYDAY (feat. Ryo from Crystal Lake),1
MIDDLE OF THE NIGHT - HARDSTYLE REMIX,1
MILLION DOLLAR BABY,1
"MOMMAE (Feat. Crush, Simon Dominic & Honey Cocaine) - Remix",1
﻿Not Like You,1
MOON,1
MOONLIGHT,1
"""Slut!"" (Taylor's Version) (From The Vault)",1
"#8 regret (From ""Splatoon 2: Octo Expansion"")",1
"1,2,3,4 United Stated Marine Corps",1
MORE & MORE - Japanese ver.,1
"10,000 Hours",1
MOVE YO BODY,1
16 Mirrors,1
1AM,1
20 Min,1
(It Takes) Two To Tango,1
Macchiato,1
21,1
21:29,1
Madhubala,1
Magic,1
Magic Hour,1
22,1
Magnetic Moon,1
Magnolia,1
24 Hours,1
Mahom,1
24/7,1
3 Daqat,1
3 Stars (Bonus),1
3:15 (Breathe),1
"Main Tera Boyfriend (From ""Raabta"")",1
3D (Alternate Ver.),1
Main To Hoon Pagal,1
4 A.M.,1
Maine To Dhere Se - Unplugged,1
Maiya Yashoda,1
Make His Pockets Hurt,1
Make It,1
Make Me (Cry),1
Make You Mine,1
5% TINT,1
Makhna,1
"Makhna - From ""Drive""",1
Malhari,1
"Malhari (From ""Bajirao Mastani"")",1
Malibu 1992,1
60's Love,1
6:45,1
Mamushi (Remix) [feat. TWICE],1
7 Years (Remix),1
Man Up,1
Man's World,1
Manali Trance,1
"Manasilaayo (From ""Vettaiyan"")",1
Maneuver (feat. Flo Milli),1
80's makeout session,1
"Manike (From ""Thank God"")",1
Manike Mage Hithe,1
"96 (Theme) - From ""96""",1
Manob Niti,1
Mantra,1
Maps,1
99.9,1
Mariners Apartment Complex,1
A Big Commotion,1
A Bitter Truth,1
Marry You,1
A Dream Is a Wish Your Heart Makes,1
A Girl's Thoughts,1
A Guy with a Girl,1
Mashi Mashi (More and More),1
A Little Girl,1
Masoom Dil Hai Mera,1
Massacre/Canoes,1
Mast Kalandar,1
A Poem Called You (너라는 시),1
A Sky Full of Stars,1
A Soulmate Who Wasn’t Meant to Be,1
Master of Puppets (Remastered),1
"A Spoonful Of Sugar - From ""Mary Poppins""",1
"A Spoonful of Sugar - From ""Mary Poppins"" / Soundtrack Version",1
"Mauja Hi Mauja (From ""Jab We Met"")",1
A Strange Day,1
A ginga do Pelé,1
Maulai (Muatherat),1
Mawlaya,1
ADORE YOU,1
AINT NOTHING,1
Maybe Not,1
ALL MINE,1
ALL RED,1
Mazaak,1
ALWAYS BEEN YOU - Sped Up,1
ANIMAL Theme,1
AP - Music from the film Boogie,1
Me and Michael,1
ARE WE STILL FRIENDS?,1
ARGENTINA,1
Me and the Devil,1
AS IF IT’S YOUR LAST - Japanese Version,1
Means Something,1
Medieval Warfare,1
Meet Me At Our Spot,1
ASTRO,1
Mehndi Hai Rachnewali,1
ASTROTHUNDER,1
Aai Paapi,1
Aajkal Ki Ladkiyan,1
Aan Milo Ya Milne Se,1
Aankhon Mein Aansoon,1
Menace,1
Aao Na,1
"Aap Jaisa Koi - From ""Qurbani""",1
Aap Ki Kashish,1
Aap Ki Khatir,1
Mere Mehboob Mere Sanam,1
Aashiyan,1
Ab Ovo,1
Abar Shohor,1
Mere Rang Mein Rangne Wali,1
Abbey,1
"Mere Rashke Qamar (From ""Baadshaho"")",1
Abhi Mujh Mein Kahin,1
"Meri Aashiqui (From ""Aashiqui 2"")",1
Meri Jaan,1
About A Girl,1
Messages from the Stars,1
Messy,1
Abracadabra,1
Mhare Hiwra Main Nache Mor,1
MiNd Of MiNdd (Intro),1
"Michishirube (From ""Violet Evergarden"") - Ending Song",1
Michishirube - Violet Evergarden,1
Microphone Check Five'O,1
Midas Touch,1
Middle of a Memory,1
Midnight Blues,1
Abraham's Daughter,1
Might*U,1
Mikrokosmos,1
Abrar’s Entry | Jamal Kudu,1
"Abrar’s Entry | Jamal Kudu (From ""ANIMAL"")",1
Milk Teeth,1
Million Bucks,1
Ace of Spades,1
Min Pik Den Er Flot,1
Acetone,1
Mind Over Matter,1
Acid Ke,1
Miniskirt,1
Act Up,1
Ad-Duha,1
"Ada (From ""Garam Masala"")",1
Mirror Image,1
Addicted,1
Miss Independent,1
Adelaide,1
Adi Penne (Dad's Love) - From Naam Series,1
Mistletoe,1
Misty,1
Mitwa,1
Adore You,1
Adrenaline,1
"Ae Ajnabi (From ""Dil Se"")",1
Ae Dil Hai Mushkil Title Track,1
Affection,1
Afghan Jalebi (Film Version),1
Mockingjay Bird Call - Cover Version,1
Modern Assassin,1
Moh Moh Ke Dhaage (Female),1
Mohabbatein Love Themes (Instrumental),1
Mohni,1
Africa,1
After Party,1
Moment - Worlds Version,1
Mon Boleche,1
Mon Meteche Mon Moyuri,1
Agar Tum Mil Jao - Male Vocals,1
Mona Lisa (Spider-Man: Across the Spider-Verse),1
Money,1
Money Honey (Count Me In),1
Money Make Her Smile,1
Agar Tum Saath Ho,1
"Money, Money, Money",1
Age Jodi Jantam,1
Agents of S.H.I.E.L.D. Overture,1
Agora Hills,1
Mood Swings (feat. Lil Tjay),1
Ain't My Fault,1
Moonlit Floor (Kiss Me),1
Moonlit Walk,1
Moonshine,1
Aisa Des Hai Mera,1
Moral of the Story (feat. Niall Horan),1
More Than You Know,1
Morning Sun,1
Mosh,1
"Mother's Death (From ""Grave of the Fireflies"") [Piano Version]",1
Motorcycle,1
Mountains of Friendship,1
Aisay Kaisay,1
Mr. Blue Sky,1
Aishite Aishite Aishite,1
Mr. Forgettable,1
Aishiteru,1
Mr. Rover,1
Ajob Duniya,1
Akashe Batase,1
Akatsuki no Requiem,1
Muhammad Nabina (Voice Only),1
Mujhe Haq Hai,1
Mujhko Yaad Sataye Teri,1
Mundian to Bach Ke,1
Mundian to Bach Ke - Jay Z Remix,1
Akh Lad Jaave,1
Murder On The Dancefloor,1
Akuma no Ko,1
Al-Fatihah,1
Murir Tin,1
"Muskurane (From ""Citylights"") - Romantic",1
All About That Bass,1
Must Be Love,1
Mustang Sally,1
My Arabic Language,1
My Demons,1
My Dil Goes Mmmm,1
My Dream,1
All Day (with Tablo),1
All Eyez On Me,1
My Hero Academia Op 2 - Peace Sign,1
All For Us,1
"All I Do Is Win (feat. T-Pain, Ludacris, Snoop Dogg & Rick Ross)",1
My Kind of Woman,1
My Lie,1
All I Wanna Do,1
My Mother How Much I Love Her,1
My Ordinary Life,1
All I Wanna Do (K) (Feat. Hoody & Loco),1
"All I Want - From ""High School Musical: The Musical: The Series""",1
"My Shot (feat. Busta Rhymes, Joell Ortiz & Nate Ruess) - Rise Up Remix",1
All I Want for Christmas Is You,1
My Son Is Home,1
All Is Found - Kacey Musgraves Version,1
All Is Well,1
My Type,1
"My War (From ""Attack on Titan Season 4: The Final Season"")",1
All Izz Well,1
My Way,1
Myself,1
Mystery Master Kim,1
All Night Radio,1
NIGHT DANCER,1
All Of Them,1
NIGHTS LIKE THIS PT 2,1
NISSAN ALTIMA,1
All Of You,1
All Out of Love,1
NUNU NANA,1
All Too Well (Taylor's Version),1
NYANPASU,1
All the Pretty Girls,1
Na Pu Le Pa Po Le No (Nyanpasu),1
Na Tum Jano Na Hum,1
Naagin,1
Nabillera,1
Allah Humma - Outro,1
Allah Is Calling You,1
Allahu (feat. Yousuf & Coskun),1
Nagada Sang Dhol - Remixed by DJ Dharak,1
Alligator,1
Amar Dehokhan (Official),1
Amar Gaye Jato Dukkho,1
American Wedding,1
Ami Akash Pathabo,1
Naruto Loneliness,1
Nasheed,1
Nasheed Ramadan,1
Nasheed Ya Adheeman Ahmed Bukhatir,1
Nasty,1
Natalie,1
National Anthem,1
Natural High,1
Naturally,1
Naughty,1
Navrai Maajhi,1
Nazm Nazm,1
Ami Chai Thakte,1
Neend Churayee Meri,1
Nefertiti - Remastered,1
Negative Affirmations,1
Neshar Nouka 2,1
Ami Chini Go Chini,1
"Ami Je Tomar (Tandav Version) [From ""Bhool Bhulaiyaa 2""]",1
Never Fade Away (SAMURAI Cover),1
Never Forget You,1
Never Give Up,1
Ami Je Tomar 3.0,1
Amigo,1
Never Met!,1
Never Not,1
New Genesis,1
Amplifier,1
Amusement Park,1
New Years Day,1
An Uncertain Present,1
Next 2 U,1
Next Page,1
An-Nooro Albasana,1
Night Aviation (The Interpretation of Dreams),1
Andromeda,1
Night City,1
Night Light - Live at The Symphony,1
Night Lights and Empty Skies,1
Night Shine Fast,1
Nightcrawlers,1
Angeleyes,1
Angels in Tibet,1
Another Day,1
Another Life,1
Ninnila,1
Nirban,1
Niruddesh,1
Nithua Pathare,1
Nithua Pathare - Slow Version,1
Another One Bites The Dust - Digital Remaster,1
Nithua Pathare - Version 2,1
AntiSystem's,1
No Air,1
Anuvuti,1
Aot x Traitors,1
Apna Har Din,1
Apple,1
No Effort,1
No Idea,1
No John Trumbull - Intro,1
Apply Some Pressure (feat. Paul Smith),1
No Longer Bound,1
Appointment,1
No More (feat. NIKI),1
No More Procrastination,1
No More Second Chances (feat. Jessica Ashley),1
Apricity,1
No One Compares To You,1
April Fools (0401),1
No Photos,1
No Pole,1
No Reason,1
Apsara Aali,1
No Secrets,1
Ar-Rum,1
No Tears Left to Cry,1
No Tomorrow (Piano Sad Violin Hip Hop Beat Mix) - Hip Hop Instrumental,1
No Words,1
Arabella,1
No-Return (Into the unknown),1
Arabian Nights,1
No.2 (with parkjiyoon),1
Arcade,1
Nobody - from Kaiju No. 8,1
Nobody Gets Me,1
Area Codes,1
Army Dreamers,1
Nobody Likes Me,1
Around Me (feat. Don Toliver),1
As It Was - Japanese Version,1
Nomad,1
Ash-Shams,1
Ashura-chan,1
Ass Like That,1
Normal No More,1
North,1
Nose Dive (feat. DaniLeigh),1
"Assassin's Creed 2 Rap ""Make You Bleed""",1
Not Allowed,1
Assassin's Creed III Main Theme,1
Asshole,1
Not Mine,1
Not My Problem,1
Not Shy,1
At Last,1
Not Today,1
Nothing,1
Nothing Breaks Like a Heart (feat. Miley Cyrus),1
Nothing To Remember,1
Nothing on You,1
Nothing to Me (feat. Keyshia Cole & E-40),1
Nothing to Regret,1
Nothing's Gonna Change My Love For You,1
Nothing's Gonna Stop Us Now,1
Nothing's New,1
At the end,1
Novia,1
Now & Then,1
Nowhere,1
Austin,1
Avant,1
Numb,1
Avatar's Love,1
Avatar: the Last Airbender,1
Nunca vas a comprender,1
Nupur 2,1
Aya Man Yadaei Al Fahm,1
Ayatul Kursi Full - Beautiful Recitation,1
Nyanpasu Yabure Kabure,1
O Khuda,1
Azadi,1
Aziyat,1
O O Jaane Jaana,1
B'wanina (Pretty Girl),1
B.S. (feat. H.E.R.),1
O Sonia,1
O Superman,1
B.Y.S.,1
OH NO!,1
OHMAMI,1
BACK PACKER,1
BBoom BBoom,1
BILLIE EILISH.,1
ON GOD (feat. Young Thug),1
BINKUSUNO SAKE,1
BLUE,1
BOLO (feat. YDG),1
BORA!,1
BREAKTHROUGH (Korean Version),1
OTONABLUE,1
OTT,1
Baadshah O Baadshah,1
OUTTA THERE,1
OXYGEN,1
Baaki Sab Theek,1
Baby Doll,1
Baby you,1
Obscurity,1
Obsessed,1
Obsessed - Sped Up,1
Babydoll,1
Ocean Spirit,1
Back Door,1
Back In Black,1
Back In The Game,1
Oh Lord,1
Back To You,1
Oh No!,1
Oh Oh,1
Backyard Boy,1
Backyard Boy (with Jeremy Zucker),1
Bad Feeling,1
Bad Religion,1
Baddie,1
Old Town Road (feat. RM of BTS) - Seoul Town Road Remix,1
Bag (with Lucky Daye),1
Old Yellow Bricks,1
Bahut Pyar Karte Hai - Female Version,1
On Fire,1
On Me,1
On My Mind,1
On My Own,1
On My Youth,1
On The Drive Home,1
Bala Nacho To Dekhi,1
On We March,1
On the Floor,1
On the Horizon,1
On the List,1
On the Low,1
Ballin,1
Once I Was 7 Years Old,1
Once Upon a Time in the Valley (From the Cobra Kai: Season 5 Soundtrack),1
Ballin in Newport (with Omen),1
One Dance,1
One For Me,1
One Jump Ahead,1
Balloon (feat. Doechii),1
One Man Show,1
Banana Madness,1
One Of The Girls x Good For You - best version,1
One Of Them (feat. Big Sean),1
One Summer Day,1
One Summer Day (Spirited Away),1
Bandoleros,1
Onnoy,1
"Oo Antava Oo Oo Antava (From ""Pushpa - The Rise"")(Telugu)",1
Ooh La La,1
Ooh La La La,1
"Ooh Wee (feat. Ghostface Killah, Nate Dogg, Trife & Saigon)",1
Ooo La La La,1
Baraka Allahu Lakuma,1
Barbie Dreams (feat. Kaliii),1
Open Your Eyes,1
Barbie World (with Aqua) [From Barbie The Album],1
Oporadhi,1
Oporadhi 01,1
Barsatein,1
"Orange (From ""Shigatsu Wa Kimi No Uso"") - Instrumental",1
"Orange (From ""Shigatsu wa Kimi no Uso"")",1
Basics,1
Orey Neel Doriya,1
Basket Case,1
Otro Atardecer,1
Basta Ya - Banda,1
Our First Time,1
Our Souls at Night,1
Our Summer,1
Be More,1
Out of State,1
Be as ONE,1
Out of the Blue,1
Beanie,1
Beatbox,1
Beautiful Boy (Darling Boy) - Remastered 2010,1
Outta My Head,1
"Outy When I Drive/Blamed (feat. Rich The Kid, Yella Beezy & Sage The Gemini)",1
Beautiful Restriction,1
Beautiful Stranger,1
Bedlam,1
Overnight x la monde,1
Bedroom,1
Bedside,1
Behind The Curtain,1
Ozon,1
P.M.P,1
Believe,1
PANDORA,1
PANG!,1
Below Zero,1
PEACH,1
Bengali Sauce,1
PHOENIX,1
Bernadette,1
PING PONG,1
PIRI,1
Best Friend,1
Best Of Me,1
PONPONPON,1
Betahasha,1
Better Now,1
Better Than This,1
PRETTY PLEASE,1
Better Things - Snack Version,1
PUFFIN ON ZOOTIEZ,1
PUNK TACTICS,1
Bewafa - Remix,1
Bewafa Remix,1
Bewitched,1
Painkiller,1
Beyond My Dreams,1
Paint The Town Red,1
Painted Skies,1
Bhaag Milkha Bhaag,1
Bhalobasha Ki,1
Big Brown Eyes (feat. Orion Sun),1
Bikhra,1
Bilionera - Radio Edit,1
Billie Jean,1
Palkkari Penne Remix,1
Binaural Beta Sinus 300 Hz - 330 Hz,1
Pani Da Rang Male,1
Paniyon Sa,1
Pano,1
Bird Set Free,1
Papillon,1
"Bitch, Don’t Kill My Vibe",1
Paradise - Vocals Only - No Music,1
Bite Me - Japanese Ver.,1
Param Sundari,1
Paranoid,1
Bitter Sweet,1
Parking Lot,1
Part Of Me,1
Black Night Town,1
"Black Night Town (From ""Naruto Shippuden"")",1
Party,1
Party In The U.S.A.,1
Black Night Town - Piano Instrumental,1
Bleeding Love,1
Bling-Bang-Bang-Born,1
Party Rock Anthem,1
Blitzkrieg Bop - 2016 Remaster,1
Pasilyo,1
Bloody Mary,1
Bloom - Bonus Track,1
Passion,1
Passionfruit,1
Pat Pat,1
Path 5 - Mogwai Remix / Edit,1
Path of the Wind (My Neighbor Totoro),1
"Paththavaikkum (From ""Devara Part 1"")",1
Blowing Smoke,1
"Peace Sign (Japanese) [From ""Boku No Hero Academia""]",1
Peaceful Doldam,1
Pee Loon,1
Blue,1
Blush,1
Pehle Bhi Main,1
Pelangi,1
Penthouse/Training,1
Bodies,1
People You Know,1
Body,1
Perfect Man,1
Bohemian Rhapsody,1
Perfect Timing,1
Perfect Weapon,1
Bol Do Na Zara,1
Period,1
Bom Diggy Diggy,1
BomBae,1
Bonbon,1
Phir Bhi Dil Hai Hindustani,1
Bondhu,1
Phir Mohabbat,1
Bones Exposed,1
Phone Koro,1
Boom,1
Photograph,1
Borderline,1
Born This Way,1
Bossa No Sé (feat. Jean Carter),1
Boulevard - RAC Mix,1
Pinga - Remixed by DJ Donna,1
Bouquet,1
Boxer,1
Boy's a liar Pt. 2,1
Pistah,1
Boys Cry,1
Boys Don't Cry - Single Version,1
"Piya Aaye Na (From ""Aashiqui 2"")",1
Piya O Re Piya,1
Piya Piya O Piya,1
Plan B,1
Boys On The Car,1
Brazil,1
Brazy (with YNW Melly),1
Play It Cool,1
Play My Music,1
Break In,1
Players,1
Playlist,1
Please Do Not Lean (feat. BADBADNOTGOOD),1
Break Up in the End,1
Pleaser,1
Break from Toronto,1
Poetic Justice,1
Poison,1
Poison & Wine,1
Breakfast in Bed,1
Breathe Me,1
Polaroid Love,1
Police Truck,1
Pom Poms,1
Pompeii,1
Ponpon Shit,1
Broken Clocks,1
Pony,1
Broken Hope,1
Poolside Manor,1
Pop like this Pt. 2 - Sped Up,1
Broken Melodies,1
"Power Rangers Dino Super Charge Main Theme (From ""Power Rangers Dino Super Charge"")",1
"Power Rangers Jungle Fury Main Theme (From ""Power Rangers Jungle Fury"")",1
"Power Rangers Lightspeed Resuce Main Theme (From ""Power Rangers Lightspeed Rescue"")",1
"Power Rangers Mystic Force Main Theme (From ""Power Rangers Mystic Force"")",1
"Power Rangers Ninja Steel Main Theme (From Power Rangers Ninja Steel"")",1
"Power Rangers Ninja Storm Main Theme (From ""Power Rangers Ninja Storm"")",1
"Power Rangers Operation Overdrive Main Theme (From ""Power Rangers Operation Overdrive"")",1
"Power Rangers S.P.D Theme Song (From ""Power Rangers S.P.D"")",1
"Power Rangers Super Megaforce Main Theme (From Power Rangers Super Megaforce"")",1
"Power Rangers Time Force Main Theme (From ""Power Rangers Time Force"")",1
"Power Rangers Wild Force Main Theme (From ""Power Rangers Wild Force"")",1
Practice,1
Prarthona,1
Brown Munde,1
Bruh(l) - Instrumental,1
Prayer X,1
Bruno is Orange,1
"Prem Ratan Dhan Payo (From ""Prem Ratan Dhan Payo"")",1
Premika Ne Pyar Se,1
Present,1
Presto,1
Pretty Brats,1
Pretty Girl,1
Bug Like an Angel,1
Pretty When You Cry,1
Primadona,1
"Bulleya (From ""Ae Dil Hai Mushkil"")",1
Burning Pile,1
Bury The Light - Epic Version,1
Private Landing (feat. Justin Bieber & Future),1
ProMeTheUs,1
Problem,1
Bury the Light,1
Bury the Light (Power Glove Approaching Storm Mix),1
Bury the Light - Game Edit,1
Buttabomma - Telugu,1
Butterflies,1
By Your Side,1
Bye Bye Bye,1
Prostab,1
C'est La Vie,1
Psycho (feat. Ty Dolla $ign),1
"Psycho Saiyaan (From ""Saaho"")",1
Puke,1
Purnota,1
C'est la vie,1
Pursuit Of Happiness (Nightmare),1
Pushin' Me Away,1
CAKE,1
Pyar Ke Liye,1
Pyrates Beware,1
Q-vism,1
QUESTION,1
Qamarun,1
Qamarun (Vocals Only),1
Que Vuelvas,1
Queen Tings,1
CAN YOU HEAR THE MOON,1
CAN'T SAY,1
CASE 143,1
Questions For The Universe,1
CHERRY,1
CHIHIRO,1
RAHHHH,1
CHROME BERETTA,1
REAL YOU,1
CLOSUR(E),1
COMING HOME (feat. NIKI) - Long Distance Recording,1
CRAZY,1
CRIMINAL LOVE,1
CRY FOR ME (English ver.),1
RISE,1
Caerulea,1
RUN2U,1
RUNRUNRUN,1
Cake by the Ocean,1
Calendrier,1
"Raabta (Title Track) [From ""Raabta""]",1
California,1
Raaz Tera Mera,1
Rab Ne Bana Di Jodi - Muslim Version,1
California and Me,1
Call On Me,1
Radhitu Billahi Rabba - Vocals Only - No Music,1
Radiance,1
Radio,1
Call on Me - Ryan Riback Remix,1
Rahmatun Lil'Alameen,1
Rainberry,1
Calm Down,1
Rainy Dayz,1
Rainy Season,1
Can You Feel the Love Tonight,1
Rakugakipeiji,1
Ramuloo Ramulaa - Duet,1
Randy Dandy Oh,1
Can You See My Heart,1
Can You Understand,1
Can you hear me?,1
Can't Blame a Girl for Trying,1
Can't Feel My Legs,1
Can't Have You,1
Can't Lose (feat. Lil Durk),1
Ready,1
Ready Yet,1
Ready or Not,1
"Can't Stop Singing - From ""Teen Beach Movie""/Soundtrack Version",1
Really,1
Reason,1
Rebel Love Song,1
Recap (feat. Don Toliver),1
Can't Take My Eyes off You,1
Recuérdame,1
"Red Lights (Bang Chan, Hyunjin)",1
Cancer,1
Red Red Wine,1
Captain Cold,1
Red Wine Supernova,1
Red Yellow Suit,1
Cardboard Box,1
Redemption Song,1
Redial,1
Reflection (2020),1
"Reflection - From ""Mulan"" / Soundtrack Version",1
Cardigan,1
Regular,1
Careless Whisper,1
Carol of The Bells - Epic Version - Original,1
Rekhona Obhiman,1
Relic Song,1
Carol of the Bells (arr. A. Delmoni),1
Remember (feat. Ty Dolla $ign),1
Caroline,1
Carried Away,1
Remember Me (Reunion),1
Remember Me (from the series Arcane League of Legends),1
Remember Summer Days (Night Tempo Showa Groove Mix),1
Catallena,1
Celebrate,1
Remind Her Who The Enemy Is,1
Celebrity,1
Cha Cha Slide,1
Chains - Remix,1
Chaise Longue,1
Reprise: There's Nowhere To Go But Up!,1
Rescue,1
Rescue You,1
Return to Star City / Darhkness Arrives,1
Chamakti Shaam Hai,1
Revenge,1
Chamiya,1
Rewind you,1
Champion - Remix,1
Ride,1
Chandelier,1
Chandelier - The Voice Performance,1
Right By Your Side,1
Right Down the Line,1
Change pt.2,1
Right Here,1
Righteous,1
Changes,1
Charmer,1
Chase,1
Chasing Cars,1
Risalah Hati,1
Chaudhavi Shab,1
Cheap Thrills,1
Cheat Codes for Hoes,1
Rock Bottom,1
Rock On!!,1
Rock Your Body,1
Rock with you,1
Cheerleader (OMI Cover),1
Chhuwan,1
Roi - Instrumental Slowed,1
Roller Coaster,1
Rolling Papers,1
Chicago,1
"Chill Bill REMIX (feat. D.R.A.M., Denzel Curry & Cousin Stizz)",1
Chill Rain Sleep,1
Room Shaker,1
Roots,1
Rosa Que Linda Eres,1
Rotten to the Core,1
Chillin' Chillin',1
Rover (feat. DTG) - Higher and Faster Remix,1
"Chim Chim Cher-ee - From ""Mary Poppins""/Soundtrack Version",1
Royalty - Wiguez & Alltair Remix,1
Ruby,1
Rue's Farewell,1
Chinese New Year,1
Ruk Ja O Dil Deewane,1
Chinta Nai,1
Rumor,1
Chiquitita,1
Run - Japanese Ver.,1
Chocolat Cadabra,1
Run It (feat. Rick Ross & Rich Brian),1
Choices,1
Chokh Lal,1
"Choli Ke Peeche (From ""Crew"")",1
Rush (feat. PinkPantheress & Hyunjin of Stray Kids),1
Chondo,1
R★O★C★K★S（第1話）,1
Choo Lo,1
S.O.S.,1
S4CRAMENTO :D,1
Chori Chori Chupke Chupke,1
SCIENTIST,1
SET ME FREE,1
SET ME FREE (ENG),1
SEXY NUKIM (feat. RM of BTS),1
SHEESH,1
Christmas Kids,1
Christmas Time,1
SLAY!,1
Chudi,1
SNAP,1
"SO HOT - THEBLACKLABEL REMIX BLACKPINK ARENA TOUR 2018 ""SPECIAL FINAL IN KYOCERA DOME OSAKA""",1
Church Bells,1
"Cigarette (Feat. Tablo, MISO)",1
SOLO STEPPIN CRETE BOY,1
SOMEONE'S SOMEONE,1
SOS,1
Cigarettes out the Window,1
Cinderella,1
STAY BY ME,1
STAY TUNE,1
Circles,1
STREETS x KISS IT BETTER - Sped Up,1
Circus,1
Cirque,1
SUMMER BLUE,1
"City Of Stars - From ""La La Land"" Soundtrack",1
City of Gods (Part II),1
Civil War,1
Close,1
Saat Bahagia,1
Closer (feat. H.E.R.),1
Cloud 9 (Acoustic),1
Sad in Hawaii,1
Coast To Coast,1
Coaster,1
"Coca Cola (From ""Luka Chuppi"")",1
Safe & Sound - from The Hunger Games Soundtrack,1
Saibo,1
Sailor Fuku wo Nugasanaide,1
Sailor Song,1
Saiyaan Hatto Jaao,1
Cola,1
Saiyyan,1
Sajde,1
Cold Heart - PNAU Remix,1
"Sajni (From ""Laapataa Ladies"")",1
Sakal Ban,1
Salaam Namaste,1
Cold War,1
Samajavaragamana,1
Cold Wind Blows,1
San Sanana,1
Coldest Winter,1
"Sanam Teri Kasam (From ""Sanam Teri Kasam"")",1
"Colombia, Mi Encanto",1
Santa Claus is Coming to Town,1
Santa Tell Me,1
Come Alive,1
Come As You Are,1
Sashimi,1
Satakli,1
Satisfaction,1
Come Away To The Water,1
Satisfied (feat. Miguel & Queen Latifah),1
Sativa,1
Come Back Home,1
Sau Aasmaan,1
Come Home,1
Come Home - Sped Up,1
Come On Eileen - Single Edit,1
Come a Little Closer,1
Come and See Me (feat. Drake),1
Company,1
Say Amen (Saturday Night),1
Say Goodbye,1
Congratulations - Final Version,1
Connor's Life,1
Control,1
Conundrum,1
Cotton Cloud,1
Say What You Say,1
Say Yea,1
Say Yes,1
Counting Stars - The Voice Performance,1
Country Grammar (Hot Shit),1
Cowboy Take Me Away - The Voice Performance,1
Crack A Bottle,1
Scentist,1
ScheiBe,1
Schoolgirl,1
Cranes in the Sky,1
Crazy Blues,1
Sedona,1
Crazy Little Thing Called Love - Remastered 2011,1
See Tình - Speed Up Version,1
See U Later,1
Cream,1
Creature (feat. Swae Lee),1
Creep - Acoustic,1
"See You Again - okay okay, la la la part loop",1
See You In My Nightmares,1
See the stars,1
Crime And Punishment,1
Critical Moment,1
Selfish,1
Cry,1
Cry for Me,1
September,1
Serendipity,1
Cult Classic,1
Set Fire To The Rain - Remix,1
Cupid (Twin Ver.) - Live Studio Version OT4,1
Set Me Free,1
Cupid's Chokehold / Breakfast in America,1
Set The World On Fire,1
Curtains Up,1
Cyberpunk,1
Có Em,1
Seventeen,1
"Sex, Drugs, Etc (Sped Up)",1
"Sex, Drugs, Etc - Sped Up",1
Cứ Chill Thôi,1
D-Day,1
D-tecnoLife,1
DAMN HOMIE (feat. Lil Yachty),1
DANCE DANCE,1
Shadilay (Italian Version),1
DENIAL IS A RIVER,1
Shah Rukh Kaun?,1
DESIRES,1
"Shake It Off - From ""Sing"" Original Motion Picture Soundtrack",1
Shake That,1
Shame On Me,1
DISRESPECTFULLY!,1
DOWNTOWN BOY,1
Shattered Dreams - Remastered 2008,1
DRUM GO DUM,1
She Hates Me,1
DUMB DUMB,1
She Knows,1
She's Got a Gun,1
She's Got a Way with Words,1
She's In The Rain,1
Sheikh Talk,1
Daayre,1
Dance,1
She’s The One,1
Dance Of The Sugar Plum Fairy,1
Shigatsu - Otouto Mitai Na Sonzai Piano,1
Dance the Kung Fu,1
Shine on You with Blinding Flash of Light,1
Dancing with my phone,1
Dandelions - slowed + reverb,1
Danza Kuduro,1
Darari 다라리 (nightcore),1
Dard - E - Disco (Remix By Dj Aqeel),1
Shomoy,1
Dare (La La La),1
Dark Horse - Sped Up,1
Shoot Out,1
Darl+ing,1
Shorgohara (Outro),1
Shot Thru The Heart,1
Shots,1
Should've Said No - The 3D Concert Experience,1
Darmiyaan,1
Dave Don't Snore,1
Shout,1
Show Me,1
Dave Don't Snore - Instrumental,1
Daydreamin',1
Shunno Haate,1
Daydreaming,1
Shut Me Up,1
Dear Soulmate - Live,1
Dear Soulmate - Live at The Symphony,1
Dear Theodosia (feat. Ben Folds),1
Dear to Me,1
Death Lotto,1
Sigh (Feat. GIRIBOY),1
Sign of the Times,1
Signal,1
Deewangi Deewangi,1
Deewani Mastani,1
Simon Says,1
Dejavu,1
"Dekha Ek Khwab, Pt. 2",1
Single Player Mode,1
"Dekha Ek Khwab, Pt. 2 (From ""Silsila"")",1
Sinking,1
Siori,1
Siren,1
Sirens,1
"Sit Still, Look Pretty",1
Sitting In The Corner (feat. Adriel Favela & Kacey Musgraves),1
Dekha Tenu,1
Skin like summer,1
Dekha Tenu Pehli Pehli Baar Lofi,1
Dekha Tenu Pheli Pheli Bar Ve - LoFi,1
Sleep On The Floor,1
Sleep Online,1
Sleepy Little One,1
Sleigh Ride,1
Slide (feat. Frank Ocean & Migos),1
Slippin' Into Darkness,1
Delusions of Saviour,1
Demon,1
Deora,1
Des Rangila,1
Desi Girl,1
Smart (English ver.),1
Desire,1
Desmond's Destiny,1
Smile,1
Smoke Sprite (feat. RM of BTS),1
Smokin Out The Window,1
Smooth Criminal,1
Despair,1
Snake Fight,1
Snap Out Of It,1
Devil by the Window,1
Devuélveme a mi chica,1
Dhaakad,1
Snow On The Beach (feat. Lana Del Rey),1
Snowman,1
So Bad,1
So Beautiful,1
So Far Away,1
Dhak Dhak Karne Laga,1
"So This Is Love - From ""Cinderella""",1
Dheera Dheera - Female Version,1
"Dheere Dheere (From ""Devara Part 1"")",1
"Sofia the First Main Title Theme - From ""Sofia the First""",1
Dholida,1
Dhoom Taana,1
"Soldier, Poet, King",1
Digital Lover,1
Solo,1
Digital Silence,1
Some Kind Of Drug (feat. Marc E. Bassy) - Earwulf Remix,1
Some Nights,1
Some Things Never Change,1
Somebody That I Used To Know,1
Dignified-OUT,1
Someone New,1
Someone To Call My Lover,1
Dil Diyan Gallan (Unplugged),1
Dil Ibaadat,1
Dil Ki Doya,1
"Dil Ki Doya - From ""Dil Ki Doya""",1
"Dil Ko Karaar Aaya (From ""Sukoon"")",1
Something in the Orange,1
Dil Ne Dil Ko Pukara,1
"Dil Ne Yeh Kaha Hain Dil Se (From ""Dhadkan"")",1
Sonar Moyna Pakhi,1
Dil To Pagal Hai,1
Song: Silsila Ye Chahat Ka,1
Dilbara,1
Dipannita 2,1
Sooljalee,1
Sooo LUCKY,1
Dipannita 2 - Lofi,1
Dispatch Man,1
Soul Of K3G - Instrumental,1
Diva,1
Space Bound,1
Do It Like That,1
Space Run,1
Do We Have A Problem?,1
Do You Believe Me,1
Sparkle Lofi (Your Name),1
Sparks,1
Do You Need Power? (Walk Out Music),1
Speed Drive (From Barbie The Album),1
Do You Remember,1
"Do You Want to Build a Snowman? - From ""Frozen""/Soundtrack Version",1
Spider-Man Loves You,1
Spider-Man: Homecoming Suite,1
Spirit,1
Spirit Tracks,1
Doctor Of The West,1
Sports,1
Spring,1
Doja,1
Doldamgers,1
Spring Waltz,1
Sriracha,1
Stage Fright,1
Stand Out Fit In,1
Standing in the Rain (with Mark Ronson & Dan Auerbach),1
Star Shopping,1
Dollhouse,1
Stardust love song,1
Stargazer,1
Domino,1
Don't Copy My Flow,1
Don't Go Insane,1
Stars,1
Starships,1
Starsign,1
Don't Let Me Down - Demo,1
Don't Stop 'Til You Get Enough,1
Don't Tell My Mom,1
Don't Try Me (Feat. Ugly Duck & GRAY),1
Don't Wanna Cry Wanna Die,1
Don't You (Forget About Me),1
Stay Alive (Prod. SUGA of BTS),1
"Don'u Don'u Don'u (From ""Maari"") - The Don's Romance",1
Stay Away,1
Stay Ready (What A Life),1
Done For Me (Instrumental),1
Steal The Show,1
Don’t Need Your Love,1
Doom 3 Theme,1
Stereo Hearts (feat. Adam Levine),1
Dooriyaan,1
Still Don't Know My Name,1
Still Fighting It,1
Dope (with JID),1
Still Loving You,1
Still Monster,1
Dororo,1
Still into You,1
Double Take,1
Down In New Orleans,1
Stop The Rain - Instrumental,1
Drag Me To The Grave,1
Strange (feat. RM),1
Dragonball Durag - Remix,1
Strange Land - Acoustic Version,1
Dream (Outro from Calamity),1
Stranger Things Theme,1
Dream Like Concentration,1
Strawberry Blonde,1
Dreamcatcher,1
Streets,1
Stressed Out,1
Stupid In Love (feat. Woojin) (prod. Kite),1
Dreamers [Music from the FIFA World Cup Qatar 2022 Official Soundtrack],1
Style - Sped Up,1
Dress Down,1
Suburban Home,1
Driftwood,1
Drill Instructor - Short Mix,1
Drill Sergeant,1
Suddenly,1
Suffer,1
Suffocation - Slowed,1
Driver,1
Sugar Rush Ride,1
Drops of Jupiter (Tell Me),1
Drugs N Hella Melodies (feat. Kali Uchis),1
Dube Dube,1
Sumin Like,1
Summer,1
Summer Breaking (feat. Kevin Parker),1
Dui Jon,1
Duita Dekhi,1
Sun & Moon,1
Dum Dum,1
Dynamite - EDM Remix,1
Dímelo,1
Sunkissed,1
E-GIRLS ARE RUINING MY LIFE!,1
EL HALAL,1
ELECTRIFY TONIGHT,1
EVERY CHANCE I GET (feat. Lil Baby & Lil Durk),1
Sunny Sunny,1
Suno Na Suno Na,1
Sunroof,1
Sunscreen,1
EVIL,1
EYES,1
Early,1
Earned It (Fifty Shades Of Grey),1
Super Trouper,1
"Supercalifragilisticexpialidocious - From ""Mary Poppins"" Soundtrack",1
Superficial Love - Single Version,1
Superhero,1
Superhero (Heroes & Villains) [with Future & Chris Brown],1
Easy On Me,1
Superman (Sped Up Version) - Remix,1
Supermassive Black Hole,1
Surah Al Mulk (Be Heaven),1
Surah Ar-Rahman,1
Eat,1
"Suraj Hua Maddham (From ""Kabhi Khushi Kabhie Gham"")",1
Surat Al Qiyamah,1
Sure Thing,1
Sure Thing - Sped Up,1
Eat (feat. Z-Ro),1
"Surface Pressure - From ""Encanto""/Soundtrack Version",1
Egyptian Pools,1
"Ei Mayabi Chander Raate (From ""Baba Baby O"")",1
Ei Obelay,1
Sway,1
Either Way,1
Ek Din Teri Raahon,1
Ek Do Teen Chaar,1
"Ek Ho Gaye Hum Aur Tum - From ""Bombay""",1
Sweet Inspiration,1
Ek Pa Du Pa,1
Sweet Venom,1
Ek Pal,1
Sweetest Pie,1
Ekta Golpo (feat. Satyaki Banerjee & Anusheh Anadil),1
El Djihad,1
Swimming Pools (Drank),1
Switch!,1
El Mundo es mi Familia - De “Coco”/Versión de la Banda Sonora,1
Sworn,1
Symbolism,1
Syrup,1
São Paulo (feat. Anitta),1
Electric Feel,1
TAKE ME HOME,1
TANK,1
TENCHI GAESHI - Short ver.,1
TENDAE,1
TERE TE,1
Elvis,1
THE BADDEST,1
En lo profundo/Peso,1
THE DEATH OF PEACE OF MIND,1
Enchanted (Taylor's Version),1
Encore/Curtains Down,1
THE SHADE,1
End Of Me,1
TO THE MOON,1
Ending Scene,1
TOPLINE (Feat. Tiger JK),1
Entertain Me,1
"Episode 1 ""First To Welcome""",1
TUCA DONKA,1
TV Dream,1
Eren Yeager,1
Taal Se Taal - Western Version,1
Taare Zameen Par,1
Tabalagh Bil Qaleel,1
Tabassam,1
"Tag, You're It",1
Erwin Smith Last Speech (Japanese),1
Erwin's Speech (Interlude),1
Take Me Home,1
"Take Me Home,Country Roads",1
Take Me Out,1
Take Me To The Sun,1
Escape,1
Take Two,1
Escape in Style,1
Take a Hint,1
Escapism. - Sped Up,1
Take on Me,1
Eta Golpo Noy,1
Tala'al Badru Alayna,1
Talk My Shyt,1
Euphoria (feat. Travis Scott & Kaash Paige),1
"Eve, Psyche & the Bluebeard’s wife (English Ver.)",1
Every Breaking Wave,1
Tally,1
Everybody Loves Somebody,1
Tasbih,1
Everybody Wants To Rule The World - Sped Up Version,1
Everyday,1
Teach You,1
Everyone Adores You (at least I do),1
Everything I Know About Love,1
Everything I Know About Love - Live,1
Everything Is AWESOME!!!,1
Everything Is Not As It Seems - Series Theme Song,1
Teddy Bear,1
Everytime We Say Goodbye - Live at The Symphony,1
Exciting Emergency Room,1
Tek It,1
Excuses,1
Telepathy,1
ExtraL (feat. Doechii),1
Eye To Eye,1
Eyes Off You,1
Eyes Open,1
Ezio's Family (Assassin's Creed 2),1
Temperature (Prod. JP THE WAVY),1
"F(ucked up) (Feat. Gaeko, GRAY)",1
F.I.L.A (Fall In Love Again),1
FAKE LOVE (Rocking Vibe Mix),1
FOREVER 1,1
Tera Hone Laga Hoon,1
Tera Hone Laga Hoon (Lofi Mix),1
Tera Surroor,1
Tere Bin,1
FUNK DO BOUNCE (Slowed),1
FUNKED UP - SLOWED,1
Tere Bina - Lofi Flip,1
Facebook Friends,1
Fair,1
Fairytale,1
Tere Sang Yaara,1
Fake It,1
Fake Love In LA,1
Tere Vaaste (Remix),1
"Teri Baaton Mein Aisa Uljha Jiya Title Song (From ""Teri Baaton Mein Aisa Uljha Jiya"")",1
Falak Tak,1
Teri Meri (Remix),1
Teri Meri (Reprise),1
Fallen Angels,1
Teri Meri Prem Kahani,1
Falling,1
Teri Ore (Lo-Fi Flip),1
Teri Yaadon Mein,1
Terlukis Indah,1
Falling Behind - Live,1
Thank You - (Acoustic) [Live],1
Thank You - Slowed,1
Thank You - Slowed + Reverb,1
Thank You For The Love,1
That That (prod.&feat. SUGA of BTS),1
Falling Behind - Live at The Symphony,1
That's All,1
Falling Down - Bonus Track,1
Falling Leaves are Beautiful,1
Falling for U,1
False Memories,1
The Apartment We Won't Share,1
The Aquila,1
The Arsenal,1
The Astronaut,1
"Familia (with Anuel Aa, feat. Bantu) - Spider-Man: Into the Spider-Verse",1
The Ballad of Lucy Gray Baird - from The Hunger Games: The Ballad of Songbirds & Snakes,1
The Bamboo Spring,1
"The Bare Necessities - From ""The Jungle Book"" Soundtrack",1
The Beauty of Existence,1
The Beginning,1
The Bidding,1
Fanfare,1
The Breakup Song,1
The Burden of Responsibility,1
Far Off Lands,1
Farewell,1
The Circle Game,1
The Cleveland-Harrison Campaign Speech (1892),1
Fartaqi,1
Fashion Queen,1
The Cut That Always Bleeds,1
Fast Car,1
The Days,1
The Days - Edit,1
The Days - NOTION Remix,1
The Days - NOTION Remix Slowed,1
The Disco Song,1
Father Stretch My Hands Pt. 1,1
Father Time (feat. Sampha),1
Favorite Part,1
"Fear Song (From ""Devara Part 1"") [Telugu]",1
The Feelings of Love,1
Feeding the Fire,1
Feel Good Inc.,1
The Fortune of Edward Kenway,1
The Fox (What Does the Fox Say?),1
The Girl I Have a Crush On,1
Feel Something,1
The Good Is Still Alive,1
Feel The Spirit,1
Feels,1
Fi Layla Minal Liyali (Muatherat),1
Fight or Flight,1
The High Seas,1
Fighting Demons,1
The Hills X I Was Never There - Sped Up,1
The Humma Song,1
The Hunger Games - Cover Version,1
The Jawaani Song,1
Filhaal2 Mohabbat,1
The Last of Us,1
Filibuster,1
Final Story,1
Fine,1
The Lion Sleeps Tonight (Wimoweh),1
The Little Things (feat. Angela McCluskey),1
The Lost Soul Down,1
The Lost Soul Down - Speed Up,1
The Milky Way,1
The Mockingjay,1
The Moment Of The Truth,1
The Moon Represents My Heart (Chinese Ver.),1
Firefly,1
The New Periodic Table Song,1
The Night Begins to Shine,1
The Night Last Night,1
The Nights,1
The One That Got Away,1
Fireworks (I'm The One),1
The Other Side (feat. CeeLo Green and B.o.B),1
The Path of the Wind,1
The Perfect Girl,1
First Class,1
The Purge,1
The Reasons of My Smiles,1
The Rebel Path,1
First Sight,1
Fleeting Lullaby,1
Flowers,1
The Rumbling,1
Flugdank,1
Fluorescent Adolescent,1
Fly-day Chinatown,1
Fo Ti,1
The Sins,1
The Sky Under the Sea,1
Foam,1
Focus (Interlude),1
The Tree of Love,1
Focus On Me,1
Foolish,1
The Very First Night (Taylor's Version) (From The Vault),1
The Villain Appears,1
For Life,1
The Water Is Fine,1
The Water Is Fine - Crimson Edition,1
For You Oh My Lord,1
For the First Time,1
The Way That You Do,1
The Way of the Tears,1
"For the First Time in Forever (Reprise) - From ""Frozen""/Soundtrack Version",1
"The Weekend Whip (From ""Lego Ninjago"")",1
Forever (feat. NIKI),1
The Word,1
The World Is My Oyster,1
The World Is Ours (Coca-Cola 2014 World's Cup Anthem),1
Forever You,1
Theme,1
"Thenmozhi (From ""Thiruchitrambalam"")",1
Forg_tful (with Kim Sawol),1
There For You,1
Fortnight (feat. Post Malone),1
Fortunate Son,1
Four Seasons,1
Fragile,1
Fragile - Live,1
Think it Through,1
Fragile - Live at The Symphony,1
This Is A Life - Extended,1
Freak On a Leash,1
Freaks - Radio Edit,1
This Is Why We Can't Have Nice Things,1
This Love (Taylor’s Version),1
This One's for You (feat. Zara Larsson) (Official Song UEFA EURO 2016),1
Free Smoke,1
Freedom Fighter,1
Friend Like Me,1
This fffire - New Version,1
Friendzone,1
Thot Shit,1
Thoughts,1
Frieren the Slayer,1
Through the Frontier,1
"Frozen Heart - From ""Frozen""/Soundtrack Version",1
Throw Some D's,1
Throwaway (with Clairo),1
Thug Le,1
Thunderous,1
Thích Em Hơi Nhiều,1
Ticking Away,1
Fuck The World (Summer in London),1
Fuck it I love you,1
Tilasmi Bahein,1
Till I Collapse,1
Time 4 Sumaksion,1
Time After Time - Spotify Singles,1
Time Back,1
Time to Go Home,1
Fun Tonight,1
Funky Town,1
Timeless (feat. Playboi Carti),1
Funny Valentine,1
Further,1
"Tip Tip (From ""Sooryavanshi"")",1
Für Elise - Reimagined,1
GANADARA (Feat. IU),1
Tip Toe (with LeeHi),1
Tip Your Hat,1
GEEKED UP (FEAT. YEAT),1
GHIBLI MEDLEY,1
Titanic,1
GHOST RIDE,1
Tití Me Preguntó,1
GIANTS,1
To Build A Home,1
"To Shreds, You Say?",1
To The Moon,1
Tokyo Calling,1
Tomar Ghorey,1
Tomar Jonno,1
GLORY,1
Tomorrow Will Be Kinder - from The Hunger Games Soundtrack,1
Tonight,1
GMFU (w/ 6arelyhuman),1
GO TO HELL,1
"Too Cheez Badi Hain (From ""Mohra"")",1
Too Good,1
Too Many Friends,1
"GONE, GONE / THANK YOU",1
Too Sweet,1
GOOD LOYAL THOTS,1
Top Notch (feat. Fivio Foreign),1
Total Eclipse of the Heart,1
Touch Down 2 Cause Hell (Bow Bow Bow),1
Touch Down 2 Cause Hell (Bow Bow Bow) Remix (With 2 Chainz & Fredo Bang),1
GOOD LUCK MY WAY,1
Gale Song - From “The Hunger Games: Catching Fire” Soundtrack,1
Tough,1
Tourner Dans Le Vide,1
Gangnam Style (강남스타일),1
Train Is Leaving,1
Trainer Battle,1
Training Wheels,1
"Garmi (From ""Street Dancer 3D"") (feat. Varun Dhawan)",1
Treasure,1
Gasolina,1
Trick or Trick,1
Genie In a Bottle,1
Trilobit,1
Trivia 起 : Just Dance,1
Gerudo Valley,1
Trouble,1
Trouble in Town,1
Get Into It (Yuh),1
Get It,1
Ghost in My Mind,1
Trên Tình Bạn Dưới Tình Yêu,1
Ghumao Tumi Ghumao - Remix,1
Tu Hai Ki Nahi,1
Ghumao Tumi Ghumao Ebar,1
Ghumao Tumi Ma,1
Ghungroo,1
Tu hai kahan,1
Gimme Love,1
Gimme More,1
Ginga,1
"Tujhe Dekha To (From ""Dilwale Dulhania Le Jayenge"")",1
Ginga (feat. Rappin´hood),1
Ginseng Strip 2002,1
Gist,1
Tum Hi Ho (Remix),1
Tum Ho,1
Tum Kyu Chale Aate Ho - Unplugged,1
Tum Se,1
"Give Me Some Sunshine (From ""3 Idiots"")",1
Give Me Some Sunshine (In the Style of Suraj Jagan & Sharman Joshi) [Karaoke Version],1
Give Me a Kiss,1
Tumare Dekhilo,1
Glass Faces,1
Glock In My Lap,1
Tuned In Freestyle,1
Turn All the Lights On (feat. Ne-Yo),1
Tuyo (Narcos Theme) - A Netflix Original Series Soundtrack,1
Tweet @electroNOW_,1
Twilight (feat. Ysabelle Cuevas),1
Glory of Love,1
Téir Abhaile Riu,1
U Can't Touch This,1
UH OH (Intro),1
Go Crazy,1
UNDO -8years later-,1
Go Tell the Clouds,1
UNFORGIVEN - Japanese ver.,1
UNHOLY,1
Uff Teri Adaa,1
Go the Distance,1
God Put a Smile on Your Face (feat. The Daptone Horns),1
God Rest Ye Merry Gentleman,1
God Rest Ye Merry Gentlemen (Dark Piano Version),1
God Rest Ye Merry Gentlemen - slowed + reverbed,1
"God Rest Ye Merry, Gentlemen",1
Unakkul Naane,1
Undefeated,1
Undefeated (feat. KB),1
Under Pressure,1
God of Light Music,1
Gods & Monsters,1
Under The Influence - Nightcore,1
Under The Sun (with J. Cole & Lute feat. DaBaby),1
Under the Moon,1
Understood,1
God’s Menu,1
Going Under,1
Unholy,1
"Golden Slumbers / Carry That Weight - From ""Sing"" Original Motion Picture Soundtrack",1
United In Grief,1
Gomi Gomi - Remix,1
Gong Xi Fa Cai,1
Good Boy Gone Bad,1
Good Bye Baby,1
Until I Found You - Girl Version,1
Good For You,1
Until I Win,1
Until We Meet Again,1
Good Guy,1
Up,1
Good Intentions,1
Up All Night,1
Good Life (with G-Eazy & Kehlani),1
Good Man,1
Uptown Funk,1
Good Old Fashioned Lover Boy,1
Good Parts (when the quality is bad but I am),1
Uptown's First Finale (feat. Stevie Wonder & Andrew Wyatt),1
Urgent Moment,1
Using You,1
Uso To Honto,1
Good day,1
Good enough,1
VIBE (feat. Jimin of BTS),1
Goodnight (Intro),1
Gorilla,1
VOID,1
VON,1
Vaaste,1
Gorilla (feat. R. Kelly and Pharrell) - G-Mix,1
Got to Fall Out,1
Gotta Get Back (feat. Pink Sweat$),1
Valentine - Live at The Symphony,1
Valkyrie,1
Government Hooker,1
Gr4ves (feat. Johnny Gr4ves),1
Grace (feat. 42 Dugg),1
Ve Maahi,1
Vegas (From the Original Motion Picture Soundtrack ELVIS),1
Venice Rooftops,1
Grapejuice,1
Vermilion,1
Very Few Friends,1
Grass of Ethics,1
Great Balls Of Fire - Live,1
Greek Tragedy - Oliver Nelson TikTok Remix,1
Video Games,1
Video Girl,1
Green,1
Villa Coapa,1
Vincent,1
Green Arrow,1
Virgins Club,1
Grow as We Go (feat. Sara Bareilles),1
Growing Sideways,1
Gucci Gang,1
Guddi,1
Guilty,1
Guilty Conscience,1
WAKE UP!,1
"Gurenge (From ""Demon Slayer: Kimetsu no Yaiba"")",1
"Gurenge (From ""Demon Slayer: Kimetsu no Yaiba"") - Remix",1
WAVE,1
WE LIKE 2 PARTY,1
"Guzarish (From ""Ghajini"")",1
WHAT TO DO? (feat. Don Toliver),1
WHEN (Feat. Tablo),1
H.S.K.T. (feat. Wonstein),1
HALAZIA,1
HAPPY HAPPY - Instrumental,1
HDBG Shemix,1
HE IS PSYCHOMETRIC (Title),1
WON'T STOP,1
HIGHEST IN THE ROOM (feat. ROSALÍA & Lil Baby) - REMIX,1
"WONDERLAND (Symphony No.9 ""From The Wonderland"")",1
WORLDWIDE (Feat. Dok2 & The Quiett),1
Wadili Salami,1
"Wah Ji Wah, Pt. 1",1
Wait For It,1
HIND'S HALL,1
HIROGARU-NAMIDA,1
HOLO,1
HWAA,1
Habibi - Albanian Remix,1
Habibi - German Remix,1
Walking On A Dream,1
Walking on Clouds,1
Wanna Be That Song,1
Habits,1
Want to Want Me,1
Waqafa Al Telfo,1
Habits (Stay High) - Hippie Sabotage Remix,1
Had Enough (feat. Quavo & Offset),1
Hale Dil,1
Warrior of the Mind,1
Hallaka Sirrun Indallah,1
"Hallelujah - Duet Version / From ""Sing"" Original Motion Picture Soundtrack",1
Hallway Hellscape,1
Hamilton - Berlin Night Mix,1
Waste It On Me (feat. BTS),1
Wasted,1
Hands up!,1
Wasted Summers,1
Wasting,1
Watashi No Uso (Your Lie in April Original Soundtrack),1
Watch Me Work,1
Watch This - ARIZONATEARS Pluggnb Remix,1
Watching The Wheels - Remastered 2010,1
Watching the Moon,1
Hangover,1
Water,1
Water Under the Bridge,1
Steal Your Heart,1
Wave Foam,1
Happier Than Ever,1
Happier Than Ever - Edit,1
Happy Hour (feat. T-Pain),1
Way Back Home (feat. Conor Maynard) - Sam Feldt Edit,1
Way Bigger,1
We All Lie,1
Happy Hours - Remix,1
Happy?,1
Harbona,1
We Built Our Love,1
We Can Hit (Round 1) (with Crime Mob & Slim Jxmmi),1
Hard Out Here for a Pimp (feat. Paula Campbell),1
We Didn’t Start The Fire,1
We Don't Have To Take Our Clothes Off,1
We Don't Have to Be Ordinary,1
Hard Whatever It Takes Kaneki,1
Hare Hare,1
Hariye Jai,1
We Might Even Be Falling In Love (Interlude),1
We Own It (Fast & Furious),1
We Set The Trends (feat. Migos & ‎Juelz Santana) - Remix,1
Hariye Jao,1
Harleys In Hawaii,1
We don’t talk together,1
We'll Be Alright (Movie Edit),1
Haru wo Tsugeru,1
Wedding Dress,1
Harukamirai,1
Hate Me,1
Weddings,1
Weekend,1
Welcome To Heartbreak,1
Hate The Other Side (with Marshmello & The Kid Laroi),1
Welcome to My House,1
Haunted,1
He Knows Everything,1
West End Girls - 2001 Remaster,1
"Head Over Heels - Dave Bascombe 7"" N.Mix",1
Heading To Scotland,1
Headshot (feat. Polo G & Fivio Foreign),1
Heart Beat,1
Heart Problem,1
What Goes Around,1
Heart Shaker,1
Heart To Heart,1
Heartless X Heartless,1
What You Need,1
Heartless x Heartless (TikTok Edit) - Remix,1
What a life,1
Heat Waves (with iann dior),1
Heaven Knows I'm Miserable Now - 2011 Remaster,1
Heaven or Hell,1
Heavy (with Lil Uzi Vert),1
Whatchu Sayin'?,1
Heavy Is the Crown,1
Wheelie (feat. 21 Savage),1
When I Am Older,1
When I Get Old,1
Hell Above,1
When I Was Young,1
Hell N Back (feat. Summer Walker),1
Hellfire (from the series Arcane League of Legends),1
"When She Loved Me - From ""Toy Story 2""",1
When The Sun Goes Down,1
"When Will My Life Begin? - From ""Tangled"" / Soundtrack Version",1
When You Look Me in the Eyes,1
Hello Bitches,1
When You Were Mine,1
When You Wish Upon a Star,1
When a Man Loves a Woman,1
Hello Brother,1
Hello Future,1
Where Did I Go Wrong,1
Helpless (feat. Ja Rule),1
Where the Wind Blows,1
Her,1
Here It Is (feat. Chris Brown),1
Wherever you are,1
Hero,1
Hey Brother - Avicii By Avicii,1
Hey Lover!,1
Hi,1
Hi spring Bye,1
Who Shot Cupid?,1
High School,1
Who You Foolin,1
Whoa,1
Whopper Whopper Whopper Whopper,1
Higher,1
Highlights,1
Highway to Heaven,1
Why You Gonna Lie,1
"Hikaru Nara (from ""Your Lie in April"") [Classical Medley] [Piano Arrangement]",1
Wicked Game,1
"Wicked Game - Live At Killkenny Arts Festival, Ireland/2011",1
Hit 'Em Up - Single Version,1
Wide Awake,1
Wide Awake - Sped Up,1
Hoibo Bichar,1
Wife,1
Hok Kolorob,1
Hok Kolorob - Lofi Remix,1
Hold Me Back,1
Hold Me Now,1
Hold On,1
Winter Wonderland - Spotify Singles Holiday,1
Winterbreak - Tiësto's Deep House Remix,1
Wishing On You,1
With,1
With My Maker I Am One,1
Hollaback Girl,1
Hollow Knight,1
Home (Vocals Only),1
Woh Kisna Hai,1
Woh Ladki Jo,1
Woh Lamhe Woh Baatein,1
Home of the Brotherhood,1
Womanizer,1
Won't Back Down,1
Wonder Woman Main Theme,1
Wonderful Day,1
Won’t Let Go,1
Woof Freestyle,1
"Homura (From ""Demon Slayer the Movie: Mugen Train"")",1
Work Out,1
Work from Home (feat. Ty Dolla $ign),1
World Dance Medley,1
World's Smallest Violin,1
Would You Mind,1
Wow.,1
Wraith Pinned to the Mist and Other Games,1
Honestly,1
Honey Mae,1
Wretched And Divine,1
Wrote My Way Out,1
X-Men Theme - Lofi,1
X-SLIDE,1
XTAYALIVE,1
Honor Thy Father,1
Xai,1
Xanny Family,1
Xuronjona,1
"Honor To Us All - From ""Mulan""/Soundtrack",1
Hookah Bar,1
YEPPI YEPPI,1
Hopelessly Devoted To You,1
YOU ARE WEAK,1
YOU KNOW (Feat. Okasian),1
Hospitals In The West,1
YUM YUM,1
Hot Knife,1
"Ya Ali - From ""Gangster""",1
Hot Rod,1
Ya Ilahi,1
Ya Men Yara,1
Ya Nabi Salam Alayka,1
Ya Quluban,1
Hot Soup,1
Ya adheeman - slowed and reverb,1
"Yaanji - From ""Vikram Vedha""",1
Yacht (K) [feat. Sik-K],1
Yarri Yeah,1
Hotel,1
Hotel California - 2013 Remaster,1
"Ye Kaali Kaali Aankhen (From ""Baazigar"")",1
Ye Un Dinon Ki Baat Hain,1
Year 3000,1
Houdini,1
Yeh Ladka Hai Deewana,1
House of Cards (Full Length Edition),1
How Can I Say,1
Yellow Brick Road,1
Yellow Hearts,1
How You Like That,1
"Yes, I'm Your Angel - Remastered 2010",1
Ylang Ylang,1
Yogurt Shake,1
Howl's Moving Castle Lofi (Merry Go Round),1
Hukum - Thalaivar Alappara,1
You (feat. Travis Scott),1
You Are Legends,1
Hum To Deewane Huye,1
"You Are My Soniya (From ""Kabhi Khushi Kabhie Gham"")",1
Hum Tum,1
You Belong With Me (Taylor’s Version),1
Hum Tumhare Hain Sanam,1
"Hum to Dil Se Haare (From ""Josh"")",1
You Can't Stop this Mother F*****,1
Humko Humise Chura Lo - Instrumental,1
Humne Suna Hai,1
You Have No Enemies,1
You In My Heart,1
Hungry Like the Wolf - 2009 Remaster,1
You Make My Dreams (Come True),1
Hurts Me - Sped Up,1
Hush,1
Hyehwadong (or Sangmundong),1
You Spin Me Round (Like a Record),1
Hymn for the Weekend,1
Hymn for the Weekend - Seeb Remix,1
I / Me / Myself,1
"You'll Be In My Heart - From ""Tarzan""/Soundtrack Version",1
You'll Be In My Heart - Spotify Singles,1
I Am (feat. Flo Milli),1
I Am Bulletproof,1
You're The Best,1
I Am Carl Lucas,1
"You're Welcome - From ""Moana""/Soundtrack Version",1
You're Welcome - Instrumental,1
I Can't Hear It Now (from the series Arcane League of Legends),1
I Can't Help But Feel,1
You're the Nico to My Velvet Underground,1
You're the One,1
You've Got a Friend in Me,1
Young,1
I Did Something Bad,1
Young And Beautiful - DH Orchestral Version,1
I Didn't Come This Far to Only Come This Far (The Journey),1
I Don't Know ! - Single Version / Bonus Track,1
Young Girls,1
Young Hearts,1
Young and Beautiful (Violin),1
I Don't Know You Anymore,1
I Dont Wanna Live Forever,1
Your Enemy,1
Your Existence,1
"I Don’t Wanna - From ""Sing"" Original Motion Picture Soundtrack",1
Your Father,1
Your Mother,1
I FLY,1
Your friend (Inst.) (Instrumental),1
Your word,1
Yours,1
Youth (Feat. Kim Chang-Wan),1
I Feel Good,1
I Found Them,1
Yung Hustla (2K),1
Yusuf,1
ZOO,1
Zara Sa,1
Zero,1
"Zero - From the Original Motion Picture ""Ralph Breaks The Internet""",1
Zero To Hero,1
"Zero To Hero - From ""Hercules""",1
I Go to Pieces (Everytime),1
"I Got That Rock and Roll - From ""Austin & Ally""",1
I Hate U,1
I Have A Dream,1
I Have a Dream,1
I Just Couldn't Save You Tonight - Story of Kale - Original Motion Picture Soundtrack,1
"Zora's Domain (from ""The Legend of Zelda: Ocarina of Time"") - Lo-fi Hip Hop Edit",1
act ii: date @ 8,1
I KNOW ?,1
I Kissed A Girl,1
I Knew I'd Want You,1
all the kids are depressed,1
I Know,1
american wedding (Hotel California),1
anemone,1
I Know Better,1
anything,1
apart of me,1
asphyxia,1
I Like Me Better,1
august,1
bad,1
I Like You The Most,1
bdkmv,1
because...,1
I Lived,1
I Love You 3000,1
better,1
I NEVER EXISTED,1
I Need Some Sleep,1
I See the Light,1
brutal,1
by my side,1
I Think They Call This Love - Cover,1
I Think We're Alone Now,1
civil war,1
com a sopa fiz,1
I WANT,1
I Wait,1
I Wanna Be Sedated,1
I Wanna Be Your Dog - 2019 Remaster,1
I Wanna Be Yours - Instrumental Best Part,1
despite my feelings,1
I Wanna Be a Drill Instructor,1
I Want In,1
dlwlrma,1
I Want You to Want Me,1
I Will Find You,1
doppelgänger,1
I Will Stay With You,1
"dreams, books, power and walls",1
dreamy night,1
drivers license,1
I adore this tiktok song (2022 Remastered Version) - Remix,1
e of s (game edit),1
ecstacy,1
I can't do this,1
ei poth chawa,1
I'M ON ONE (feat. Drake),1
emails i can’t send,1
I'd Rather Pretend,1
everything,1
everytime,1
exes,1
eyes don't lie,1
I'll Be (Your Crying Shoulder),1
I'll Do It,1
I'll Do It - Sped Up,1
I'll Make You Cry,1
I'll Walk On,1
forever rain,1
I'm Coming Out,1
I'm Good (Blue),1
frozy kompa,1
"I'm Good Luv, Enjoy.",1
I'm Luke Cage,1
I'm Not Okay (I Promise),1
I'm Not Sorry,1
I'm Still Standing,1
I'm That Kind Of Girl - The Voice Performance,1
I'm the One,1
"I've Got a Dream - From ""Tangled""/Soundtrack Version",1
ICKY,1
ICY,1
honey see you,1
IDK You Yet,1
IMMATURE,1
ISTJ,1
i hope ur miserable until ur dead,1
IT GIRL,1
i miss the old u,1
IT'S THE RIGHT TIME,1
i wanna be your girlfriend,1
i will be one of the greatest,1
Ichu Ichu,1
i'm yours sped up,1
Icon,1
idk why,1
Idea 22,1
Idhar Chala Main Udhar Chala,1
in my miNd,1
If I Can't Have You,1
intro (end of the world),1
"jealousy, jealousy",1
killer queen,1
killer tune kills me,1
la di die (feat. Jaden Hossler),1
If I Didn't Have You,1
life force,1
If I Knew,1
lisbon,1
little dark age,1
living life - slowed & reverb,1
look at me,1
If Only You Knew,1
If We Being Rëal,1
love.,1
If You Were There,1
Igloo,1
luther (with sza),1
Ikaw Lang,1
madhouse,1
masquerade,1
Iktara,1
memoirs,1
midnight,1
midnight cruisin',1
missing,1
monster gambling in tokyo,1
Immortals,1
moonlight,1
moonlight (kali uchis) - sped up version,1
Impacto,1
Impudent Doctor,1
In A Minute,1
In Limbo,1
my type,1
nadaaniyan,1
In My Feelings,1
night drive (200mph),1
no tears left to cry,1
In My Mind Pt. 2 (feat. Georgi Kay),1
nuts,1
nyanpasu but not really,1
In The Dark (with Jhené Aiko),1
older,1
older sped up,1
In This Place,1
osmanthus,1
paranoia,1
pink,1
positions,1
"In the Lap of the Gods... Revisited - Live At The Hammersmith Odeon, London / 1975",1
India Waale,1
Inevitable,1
"Inferno - From ""Fire Force: Enen no Shouboutai"" [Full Version]",1
ruthless,1
sHe,1
sdp interlude,1
sdp interlude - extended instrumental,1
Infinity,1
seoul (prod. HONNE),1
shade of a tree,1
"she likes spring, I prefer winter",1
"she's so... PERFECT :,)",1
sincerely,1
Infrunami,1
Inseparable,1
snowfall,1
southbound,1
strangers,1
Inside Out (feat. Charlee) - DubVision Remix,1
Inspiración,1
Interstellar Journey,1
t h e . c l i m b . b a c k,1
Into You,1
Into the Unknown - Panic! At The Disco Version,1
Intolewd,1
the WORLD,1
the boy is mine,1
the last great american dynasty,1
Intro,1
Iraaday,1
Iris,1
"then, we were",1
therapy,1
Is It Love - Arty Remix,1
this is what sadness feels like,1
Is There Still Anything That Love Can Do?,1
Ishq Sona Hai,1
tv off (feat. lefty gunplay),1
universe,1
Ishq Wala Love,1
unravel (acoustic version),1
untitled 03 | 05.28.2013.,1
untitled 04 | 08.14.2014.,1
untitled 06 | 06.30.2014.,1
Islands (kompa pasión),1
untitled 08 | 09.06.2014.,1
Isn't She Lovely,1
vampire,1
Isn't She Lovely - Acoustic,1
void - super slowed,1
Istanbul (Not Constantinople),1
It Gets Easier.,1
It Will Rain,1
whoa (mind in awe),1
It's A Trip!,1
worst behaviour (feat. Kehlani),1
xoxosos,1
"yes, and?",1
you,1
youknowbetter 니가 더 잘 알잖아,1
It's All Right,1
It's Not Over Until I Win (Hardstyle),1
أيا من يدعي الفهم,1
الله عطانا,1
تبلغ بالقليل ( فوكال ),1
تبلغ بالقليل (ايقاع),1
تكبيرات العيد,1
سورة الشرح,1
في حب - عبدالله الجارالله أحمد النفيس,1
It's On Again - Radio Edit,1
It's Plenty,1
여우비 Yeoubi,1
うっせぇわ,1
きらり,1
It's not easy for you,1
I’m So Hot,1
JACKBOYS,1
ちゅ、多様性。,1
ふたりの夏物語 NEVER ENDING SUMMER,1
また君に会える日,1
まるつけ,1
JENNIE KIM,1
JUST GO,1
JUSTadICE,1
Jaan Jaan - 1 Min Music,1
Jab Tak Hai Jaan,1
Jacchi Chute Bohu Dure (Lofi),1
オトノケ - Otonoke,1
オレンジ,1
Jag Soona Soona Lage,1
カワキヲアメク,1
ガムシャラ,1
クライマー,1
ゴールデンタイムラバー,1
Jalebi Baby,1
Jam & Butterfly,1
Jamal Jamaloo,1
ドギマギ,1
Jazzy Night,1
"ノーボーイ・ノークライ/No Boy No Cry(오프닝/NARUTO　CM/나루토 RPG2 물떼새 VS나선환/토미, 닌텐도)",1
ハルカミライ,1
バイバイ YESTERDAY,1
バイバイ YESTERDAY/暗殺教室,1
Je te laisserai des mots,1
Jealousy,1
Jessica Jones,1
フィクション,1
Jhalak Dikhla Ja,1
Jhumka,1
Jibon Tori,1
Jimikki Ponnu,1
ワタリドリ,1
世界の約束,1
世界は恋に落ちている,1
丸の内サディスティック,1
"Jiya Dhadak Dhadak Jaye - From ""Kalyug""",1
Jiyuu no Tsubasa,1
Jo Tum Mere Ho,1
勇者,1
卒業証書,1
压倒性的,1
双世恋人(网络剧《双世宠妃2》插曲),1
君はメロディー,1
JoJo Pose,1
Jodi Boli,1
好きだから。,1
妳在哪裡 (WYA),1
恋ごころ,1
恋するフォーチュンクッキー,1
Jogi Mahi,1
Joker,1
"想見你想見你想見你(電視劇""想見你""片尾曲)",1
愛して 愛して 愛して,1
我會守在這裡 (電視劇《以家人之名》片尾主題曲),1
Jolene,1
星をつかまえて,1
Joto Vul,1
月の丘,1
欠けた月,1
Joys of Life,1
永不失聯的愛,1
決戦スピリット,1
Judas (80s Ver.),1
Judas (Tiktok Guitar),1
Juicy,1
熱情のスペクトラム,1
爱 - I Love You 3000 Chinese Version,1
猪猪锤 CHU CHU,1
玫瑰星云 Holy,1
真夜中のドア,1
私達を信じていて,1
Juju Woman,1
July (Later On),1
縁(えにし)の糸,1
脳内,1
Jumbalika,1
落書きペイジ,1
血、汗、涙 - Japanese ver.,1
(Bop Bop) On The Beach,1
Jump,1
Jumpsuit,1
輸情歌,1
Jungle Mein Kaand,1
Just A Game,1
Just Around the Riverbend,1
闇夜,1
青春サツバツ論 - Full size,1
非ゼロ和ゲーム,1
黑洞 Metropolis,1
간식송,1
Just Like Chet,1
귀요미송,1
기억해줘요 내 모든 날과 그때를,1
2077,1
街のドルフィン,1
Just Pretend,1
Just a Joke,1
Just a Man,1
Justice,1
KRYPTONITE,1
명동콜링,1
Kaalo,1
미래,1
Kabhi Jo Baadal Barse,1
Kabhi Kabhi Aditi,1
Kahani Suno 2.0,1
왜요 왜요,1
"Kaho Naa Pyar Hai, Pt. 2",1
﻿I Wanna Do,1
깊은 밤을 날아서,1
